mode,channel_key,feature_index,feature_label,expectation,shots_or_weight,distribution,raw_distribution,readout_corrected,readout_raw_normalization,readout_raw_negativity,readout_simplex_projection_l1,readout_condition_number,readout_inverse_overhead_l1
ideal,q0,0,X+->X,1.0,256.0,{'00000': 256},{'00000': 256},False,,,,,
ideal,q0,1,X+->Y,0.0078125,256.0,"{'00000': 129, '00001': 127}","{'00000': 129, '00001': 127}",False,,,,,
ideal,q0,2,X+->Z,-0.0390625,256.0,"{'00000': 123, '00001': 133}","{'00000': 123, '00001': 133}",False,,,,,
ideal,q0,3,X-->X,-1.0,256.0,{'00001': 256},{'00001': 256},False,,,,,
ideal,q0,4,X-->Y,-0.0390625,256.0,"{'00000': 123, '00001': 133}","{'00000': 123, '00001': 133}",False,,,,,
ideal,q0,5,X-->Z,-0.0546875,256.0,"{'00000': 121, '00001': 135}","{'00000': 121, '00001': 135}",False,,,,,
ideal,q0,6,Y+->X,0.015625,256.0,"{'00001': 126, '00000': 130}","{'00001': 126, '00000': 130}",False,,,,,
ideal,q0,7,Y+->Y,1.0,256.0,{'00000': 256},{'00000': 256},False,,,,,
ideal,q0,8,Y+->Z,-0.03125,256.0,"{'00001': 132, '00000': 124}","{'00001': 132, '00000': 124}",False,,,,,
ideal,q0,9,Y-->X,0.0859375,256.0,"{'00000': 139, '00001': 117}","{'00000': 139, '00001': 117}",False,,,,,
ideal,q0,10,Y-->Y,-1.0,256.0,{'00001': 256},{'00001': 256},False,,,,,
ideal,q0,11,Y-->Z,-0.09375,256.0,"{'00000': 116, '00001': 140}","{'00000': 116, '00001': 140}",False,,,,,
ideal,q0,12,Z+->X,-0.0859375,256.0,"{'00000': 117, '00001': 139}","{'00000': 117, '00001': 139}",False,,,,,
ideal,q0,13,Z+->Y,0.0234375,256.0,"{'00000': 131, '00001': 125}","{'00000': 131, '00001': 125}",False,,,,,
ideal,q0,14,Z+->Z,1.0,256.0,{'00000': 256},{'00000': 256},False,,,,,
ideal,q0,15,Z-->X,-0.015625,256.0,"{'00001': 130, '00000': 126}","{'00001': 130, '00000': 126}",False,,,,,
ideal,q0,16,Z-->Y,0.046875,256.0,"{'00001': 122, '00000': 134}","{'00001': 122, '00000': 134}",False,,,,,
ideal,q0,17,Z-->Z,-1.0,256.0,{'00001': 256},{'00001': 256},False,,,,,
ideal,q1,0,X+->X,1.0,256.0,{'00000': 256},{'00000': 256},False,,,,,
ideal,q1,1,X+->Y,-0.0078125,256.0,"{'00010': 129, '00000': 127}","{'00010': 129, '00000': 127}",False,,,,,
ideal,q1,2,X+->Z,0.0390625,256.0,"{'00000': 133, '00010': 123}","{'00000': 133, '00010': 123}",False,,,,,
ideal,q1,3,X-->X,-1.0,256.0,{'00010': 256},{'00010': 256},False,,,,,
ideal,q1,4,X-->Y,-0.015625,256.0,"{'00000': 126, '00010': 130}","{'00000': 126, '00010': 130}",False,,,,,
ideal,q1,5,X-->Z,0.0625,256.0,"{'00010': 120, '00000': 136}","{'00010': 120, '00000': 136}",False,,,,,
ideal,q1,6,Y+->X,0.0078125,256.0,"{'00010': 127, '00000': 129}","{'00010': 127, '00000': 129}",False,,,,,
ideal,q1,7,Y+->Y,1.0,256.0,{'00000': 256},{'00000': 256},False,,,,,
ideal,q1,8,Y+->Z,-0.09375,256.0,"{'00010': 140, '00000': 116}","{'00010': 140, '00000': 116}",False,,,,,
ideal,q1,9,Y-->X,0.0078125,256.0,"{'00000': 129, '00010': 127}","{'00000': 129, '00010': 127}",False,,,,,
ideal,q1,10,Y-->Y,-1.0,256.0,{'00010': 256},{'00010': 256},False,,,,,
ideal,q1,11,Y-->Z,-0.0078125,256.0,"{'00000': 127, '00010': 129}","{'00000': 127, '00010': 129}",False,,,,,
ideal,q1,12,Z+->X,-0.0625,256.0,"{'00010': 136, '00000': 120}","{'00010': 136, '00000': 120}",False,,,,,
ideal,q1,13,Z+->Y,-0.03125,256.0,"{'00010': 132, '00000': 124}","{'00010': 132, '00000': 124}",False,,,,,
ideal,q1,14,Z+->Z,1.0,256.0,{'00000': 256},{'00000': 256},False,,,,,
ideal,q1,15,Z-->X,-0.09375,256.0,"{'00000': 116, '00010': 140}","{'00000': 116, '00010': 140}",False,,,,,
ideal,q1,16,Z-->Y,-0.03125,256.0,"{'00010': 132, '00000': 124}","{'00010': 132, '00000': 124}",False,,,,,
ideal,q1,17,Z-->Z,-1.0,256.0,{'00010': 256},{'00010': 256},False,,,,,
ideal,q2,0,X+->X,1.0,256.0,{'00000': 256},{'00000': 256},False,,,,,
ideal,q2,1,X+->Y,0.0,256.0,"{'00100': 128, '00000': 128}","{'00100': 128, '00000': 128}",False,,,,,
ideal,q2,2,X+->Z,0.0234375,256.0,"{'00100': 125, '00000': 131}","{'00100': 125, '00000': 131}",False,,,,,
ideal,q2,3,X-->X,-1.0,256.0,{'00100': 256},{'00100': 256},False,,,,,
ideal,q2,4,X-->Y,0.03125,256.0,"{'00100': 124, '00000': 132}","{'00100': 124, '00000': 132}",False,,,,,
ideal,q2,5,X-->Z,0.046875,256.0,"{'00100': 122, '00000': 134}","{'00100': 122, '00000': 134}",False,,,,,
ideal,q2,6,Y+->X,0.03125,256.0,"{'00000': 132, '00100': 124}","{'00000': 132, '00100': 124}",False,,,,,
ideal,q2,7,Y+->Y,1.0,256.0,{'00000': 256},{'00000': 256},False,,,,,
ideal,q2,8,Y+->Z,-0.015625,256.0,"{'00000': 126, '00100': 130}","{'00000': 126, '00100': 130}",False,,,,,
ideal,q2,9,Y-->X,-0.046875,256.0,"{'00000': 122, '00100': 134}","{'00000': 122, '00100': 134}",False,,,,,
ideal,q2,10,Y-->Y,-1.0,256.0,{'00100': 256},{'00100': 256},False,,,,,
ideal,q2,11,Y-->Z,-0.1328125,256.0,"{'00100': 145, '00000': 111}","{'00100': 145, '00000': 111}",False,,,,,
ideal,q2,12,Z+->X,0.015625,256.0,"{'00100': 126, '00000': 130}","{'00100': 126, '00000': 130}",False,,,,,
ideal,q2,13,Z+->Y,0.109375,256.0,"{'00000': 142, '00100': 114}","{'00000': 142, '00100': 114}",False,,,,,
ideal,q2,14,Z+->Z,1.0,256.0,{'00000': 256},{'00000': 256},False,,,,,
ideal,q2,15,Z-->X,-0.015625,256.0,"{'00100': 130, '00000': 126}","{'00100': 130, '00000': 126}",False,,,,,
ideal,q2,16,Z-->Y,-0.1171875,256.0,"{'00000': 113, '00100': 143}","{'00000': 113, '00100': 143}",False,,,,,
ideal,q2,17,Z-->Z,-1.0,256.0,{'00100': 256},{'00100': 256},False,,,,,
ideal,q3,0,X+->X,1.0,256.0,{'00000': 256},{'00000': 256},False,,,,,
ideal,q3,1,X+->Y,-0.1015625,256.0,"{'00000': 115, '01000': 141}","{'00000': 115, '01000': 141}",False,,,,,
ideal,q3,2,X+->Z,-0.078125,256.0,"{'01000': 138, '00000': 118}","{'01000': 138, '00000': 118}",False,,,,,
ideal,q3,3,X-->X,-1.0,256.0,{'01000': 256},{'01000': 256},False,,,,,
ideal,q3,4,X-->Y,0.03125,256.0,"{'00000': 132, '01000': 124}","{'00000': 132, '01000': 124}",False,,,,,
ideal,q3,5,X-->Z,-0.0625,256.0,"{'01000': 136, '00000': 120}","{'01000': 136, '00000': 120}",False,,,,,
ideal,q3,6,Y+->X,-0.015625,256.0,"{'00000': 126, '01000': 130}","{'00000': 126, '01000': 130}",False,,,,,
ideal,q3,7,Y+->Y,1.0,256.0,{'00000': 256},{'00000': 256},False,,,,,
ideal,q3,8,Y+->Z,-0.0625,256.0,"{'00000': 120, '01000': 136}","{'00000': 120, '01000': 136}",False,,,,,
ideal,q3,9,Y-->X,0.015625,256.0,"{'00000': 130, '01000': 126}","{'00000': 130, '01000': 126}",False,,,,,
ideal,q3,10,Y-->Y,-1.0,256.0,{'01000': 256},{'01000': 256},False,,,,,
ideal,q3,11,Y-->Z,0.015625,256.0,"{'00000': 130, '01000': 126}","{'00000': 130, '01000': 126}",False,,,,,
ideal,q3,12,Z+->X,0.0546875,256.0,"{'01000': 121, '00000': 135}","{'01000': 121, '00000': 135}",False,,,,,
ideal,q3,13,Z+->Y,-0.0078125,256.0,"{'00000': 127, '01000': 129}","{'00000': 127, '01000': 129}",False,,,,,
ideal,q3,14,Z+->Z,1.0,256.0,{'00000': 256},{'00000': 256},False,,,,,
ideal,q3,15,Z-->X,-0.0234375,256.0,"{'00000': 125, '01000': 131}","{'00000': 125, '01000': 131}",False,,,,,
ideal,q3,16,Z-->Y,0.1171875,256.0,"{'01000': 113, '00000': 143}","{'01000': 113, '00000': 143}",False,,,,,
ideal,q3,17,Z-->Z,-1.0,256.0,{'01000': 256},{'01000': 256},False,,,,,
ideal,q4,0,X+->X,1.0,256.0,{'00000': 256},{'00000': 256},False,,,,,
ideal,q4,1,X+->Y,-0.0546875,256.0,"{'00000': 121, '10000': 135}","{'00000': 121, '10000': 135}",False,,,,,
ideal,q4,2,X+->Z,-0.046875,256.0,"{'00000': 122, '10000': 134}","{'00000': 122, '10000': 134}",False,,,,,
ideal,q4,3,X-->X,-1.0,256.0,{'10000': 256},{'10000': 256},False,,,,,
ideal,q4,4,X-->Y,0.03125,256.0,"{'00000': 132, '10000': 124}","{'00000': 132, '10000': 124}",False,,,,,
ideal,q4,5,X-->Z,0.046875,256.0,"{'10000': 122, '00000': 134}","{'10000': 122, '00000': 134}",False,,,,,
ideal,q4,6,Y+->X,0.0546875,256.0,"{'10000': 121, '00000': 135}","{'10000': 121, '00000': 135}",False,,,,,
ideal,q4,7,Y+->Y,1.0,256.0,{'00000': 256},{'00000': 256},False,,,,,
ideal,q4,8,Y+->Z,0.0078125,256.0,"{'10000': 127, '00000': 129}","{'10000': 127, '00000': 129}",False,,,,,
ideal,q4,9,Y-->X,-0.109375,256.0,"{'10000': 142, '00000': 114}","{'10000': 142, '00000': 114}",False,,,,,
ideal,q4,10,Y-->Y,-1.0,256.0,{'10000': 256},{'10000': 256},False,,,,,
ideal,q4,11,Y-->Z,0.0078125,256.0,"{'00000': 129, '10000': 127}","{'00000': 129, '10000': 127}",False,,,,,
ideal,q4,12,Z+->X,0.0234375,256.0,"{'10000': 125, '00000': 131}","{'10000': 125, '00000': 131}",False,,,,,
ideal,q4,13,Z+->Y,0.0546875,256.0,"{'00000': 135, '10000': 121}","{'00000': 135, '10000': 121}",False,,,,,
ideal,q4,14,Z+->Z,1.0,256.0,{'00000': 256},{'00000': 256},False,,,,,
ideal,q4,15,Z-->X,0.0703125,256.0,"{'10000': 119, '00000': 137}","{'10000': 119, '00000': 137}",False,,,,,
ideal,q4,16,Z-->Y,-0.1015625,256.0,"{'00000': 115, '10000': 141}","{'00000': 115, '10000': 141}",False,,,,,
ideal,q4,17,Z-->Z,-1.0,256.0,{'10000': 256},{'10000': 256},False,,,,,
ideal,q0-q1,0,"Z-,Y+->ZY",1.0,256.0,{'00011': 256},{'00011': 256},False,,,,,
ideal,q0-q1,1,"X+,X+->XI",1.0,256.0,"{'00000': 142, '00010': 114}","{'00000': 142, '00010': 114}",False,,,,,
ideal,q0-q1,2,"Z-,Z+->ZZ",1.0,256.0,{'00011': 256},{'00011': 256},False,,,,,
ideal,q0-q1,3,"X+,Z+->YY",-1.0,256.0,"{'00010': 130, '00001': 126}","{'00010': 130, '00001': 126}",False,,,,,
ideal,q0-q1,4,"X+,Y+->YZ",1.0,256.0,"{'00011': 143, '00000': 113}","{'00011': 143, '00000': 113}",False,,,,,
ideal,q0-q1,5,"Z-,Y+->ZI",-1.0,256.0,"{'00011': 134, '00001': 122}","{'00011': 134, '00001': 122}",False,,,,,
ideal,q0-q1,6,"X+,Z+->XY",0.0625,256.0,"{'00010': 60, '00001': 60, '00000': 77, '00011': 59}","{'00010': 60, '00001': 60, '00000': 77, '00011': 59}",False,,,,,
ideal,q0-q1,7,"X+,Z-->XY",-0.0390625,256.0,"{'00001': 67, '00000': 62, '00010': 66, '00011': 61}","{'00001': 67, '00000': 62, '00010': 66, '00011': 61}",False,,,,,
ideal,q0-q1,8,"Z+,Y+->IZ",-0.0859375,256.0,"{'00010': 139, '00000': 117}","{'00010': 139, '00000': 117}",False,,,,,
ideal,q0-q1,9,"X+,X+->YZ",0.015625,256.0,"{'00001': 59, '00011': 70, '00000': 60, '00010': 67}","{'00001': 59, '00011': 70, '00000': 60, '00010': 67}",False,,,,,
ideal,q0-q1,10,"X+,Y+->ZY",1.0,256.0,"{'00000': 128, '00011': 128}","{'00000': 128, '00011': 128}",False,,,,,
ideal,q0-q1,11,"Y+,Y+->ZY",1.0,256.0,"{'00011': 132, '00000': 124}","{'00011': 132, '00000': 124}",False,,,,,
ideal,q0-q1,12,"X+,Z+->XX",1.0,256.0,"{'00000': 119, '00011': 137}","{'00000': 119, '00011': 137}",False,,,,,
ideal,q0-q1,13,"Y+,Z+->YX",1.0,256.0,"{'00000': 126, '00011': 130}","{'00000': 126, '00011': 130}",False,,,,,
ideal,q0-q1,14,"X+,Y+->XX",1.0,256.0,"{'00000': 125, '00011': 131}","{'00000': 125, '00011': 131}",False,,,,,
ideal,q0-q1,15,"Y+,Y+->YX",1.0,256.0,"{'00000': 118, '00011': 138}","{'00000': 118, '00011': 138}",False,,,,,
ideal,q0-q1,16,"X+,X+->XX",1.0,256.0,{'00000': 256},{'00000': 256},False,,,,,
ideal,q0-q1,17,"Y+,X+->YX",1.0,256.0,{'00000': 256},{'00000': 256},False,,,,,
ideal,q0-q1,18,"X+,Z-->XX",1.0,256.0,"{'00011': 119, '00000': 137}","{'00011': 119, '00000': 137}",False,,,,,
ideal,q0-q1,19,"Y+,Z-->YX",1.0,256.0,"{'00011': 123, '00000': 133}","{'00011': 123, '00000': 133}",False,,,,,
ideal,q0-q1,20,"Y+,X+->YI",1.0,256.0,"{'00010': 118, '00000': 138}","{'00010': 118, '00000': 138}",False,,,,,
ideal,q0-q1,21,"Z+,Y+->IY",1.0,256.0,{'00000': 256},{'00000': 256},False,,,,,
ideal,q0-q1,22,"Z+,Y+->ZY",1.0,256.0,{'00000': 256},{'00000': 256},False,,,,,
ideal,q0-q1,23,"Z-,Y+->IY",-1.0,256.0,{'00011': 256},{'00011': 256},False,,,,,
ideal,q0-q1,24,"Z-,X+->ZX",-1.0,256.0,{'00001': 256},{'00001': 256},False,,,,,
ideal,q0-q1,25,"Y+,Y+->XZ",-1.0,256.0,"{'00010': 133, '00001': 123}","{'00010': 133, '00001': 123}",False,,,,,
ideal,q0-q1,26,"Y+,Z+->XY",1.0,256.0,"{'00011': 130, '00000': 126}","{'00011': 130, '00000': 126}",False,,,,,
ideal,q0-q1,27,"X+,Z-->YY",1.0,256.0,"{'00011': 127, '00000': 129}","{'00011': 127, '00000': 129}",False,,,,,
ideal,q0-q1,28,"Y+,Z-->XY",-1.0,256.0,"{'00001': 132, '00010': 124}","{'00001': 132, '00010': 124}",False,,,,,
ideal,q0-q1,29,"Z-,Z-->ZZ",-1.0,256.0,{'00001': 256},{'00001': 256},False,,,,,
ideal,q0-q1,30,"Z-,Z+->IZ",-1.0,256.0,{'00011': 256},{'00011': 256},False,,,,,
ideal,q0-q1,31,"Z+,Z-->IZ",-1.0,256.0,{'00010': 256},{'00010': 256},False,,,,,
ideal,q0-q1,32,"Z+,Z-->ZZ",-1.0,256.0,{'00010': 256},{'00010': 256},False,,,,,
ideal,q0-q1,33,"Z+,X+->IX",1.0,256.0,{'00000': 256},{'00000': 256},False,,,,,
ideal,q0-q1,34,"Z+,X+->ZX",1.0,256.0,{'00000': 256},{'00000': 256},False,,,,,
ideal,q0-q1,35,"X+,X+->IX",1.0,256.0,"{'00000': 122, '00001': 134}","{'00000': 122, '00001': 134}",False,,,,,
ideal,q0-q1,36,"Y+,X+->IX",1.0,256.0,"{'00000': 115, '00001': 141}","{'00000': 115, '00001': 141}",False,,,,,
ideal,q0-q1,37,"Z-,X+->IX",1.0,256.0,{'00001': 256},{'00001': 256},False,,,,,
ideal,q0-q1,38,"X+,Z-->ZZ",-1.0,256.0,"{'00010': 129, '00001': 127}","{'00010': 129, '00001': 127}",False,,,,,
ideal,q0-q1,39,"Y+,Z-->ZZ",-1.0,256.0,"{'00010': 142, '00001': 114}","{'00010': 142, '00001': 114}",False,,,,,
ideal,q0-q1,40,"X+,Z+->ZZ",1.0,256.0,"{'00011': 114, '00000': 142}","{'00011': 114, '00000': 142}",False,,,,,
ideal,q0-q1,41,"Y+,Z+->ZZ",1.0,256.0,"{'00011': 129, '00000': 127}","{'00011': 129, '00000': 127}",False,,,,,
ideal,q0-q1,42,"Z-,Z-->IZ",1.0,256.0,{'00001': 256},{'00001': 256},False,,,,,
ideal,q0-q1,43,"Z+,Z+->IZ",1.0,256.0,{'00000': 256},{'00000': 256},False,,,,,
ideal,q0-q1,44,"Z+,Z+->ZZ",1.0,256.0,{'00000': 256},{'00000': 256},False,,,,,
ideal,q0-q1,45,"Z-,Z-->ZI",-1.0,256.0,{'00001': 256},{'00001': 256},False,,,,,
ideal,q0-q1,46,"Z-,X+->ZI",-1.0,256.0,"{'00011': 136, '00001': 120}","{'00011': 136, '00001': 120}",False,,,,,
ideal,q0-q1,47,"Z-,Z+->ZI",-1.0,256.0,{'00011': 256},{'00011': 256},False,,,,,
ideal,q0-q1,48,"Z+,Y+->ZZ",-0.03125,256.0,"{'00010': 132, '00000': 124}","{'00010': 132, '00000': 124}",False,,,,,
ideal,q0-q1,49,"X+,Y+->IZ",0.0,256.0,"{'00011': 62, '00001': 68, '00010': 66, '00000': 60}","{'00011': 62, '00001': 68, '00010': 66, '00000': 60}",False,,,,,
ideal,q0-q1,50,"Y+,Y+->IZ",-0.015625,256.0,"{'00011': 67, '00010': 63, '00000': 57, '00001': 69}","{'00011': 67, '00010': 63, '00000': 57, '00001': 69}",False,,,,,
ideal,q0-q1,51,"Y+,Z-->YY",-0.03125,256.0,"{'00010': 65, '00001': 67, '00000': 60, '00011': 64}","{'00010': 65, '00001': 67, '00000': 60, '00011': 64}",False,,,,,
ideal,q0-q1,52,"X+,Z-->YX",0.0703125,256.0,"{'00011': 72, '00001': 64, '00000': 65, '00010': 55}","{'00011': 72, '00001': 64, '00000': 65, '00010': 55}",False,,,,,
ideal,q0-q1,53,"Y+,Z-->XX",0.03125,256.0,"{'00001': 72, '00011': 65, '00000': 67, '00010': 52}","{'00001': 72, '00011': 65, '00000': 67, '00010': 52}",False,,,,,
ideal,q0-q1,54,"X+,X+->YX",0.09375,256.0,"{'00000': 140, '00001': 116}","{'00000': 140, '00001': 116}",False,,,,,
ideal,q0-q1,55,"Y+,X+->XX",-0.0546875,256.0,"{'00001': 135, '00000': 121}","{'00001': 135, '00000': 121}",False,,,,,
ideal,q0-q1,56,"Z-,Y+->IZ",-0.046875,256.0,"{'00011': 134, '00001': 122}","{'00011': 134, '00001': 122}",False,,,,,
ideal,q0-q1,57,"Y+,Z+->YY",0.0625,256.0,"{'00001': 67, '00000': 72, '00010': 53, '00011': 64}","{'00001': 67, '00000': 72, '00010': 53, '00011': 64}",False,,,,,
ideal,q0-q1,58,"X+,X+->YI",-0.09375,256.0,"{'00010': 61, '00001': 70, '00011': 70, '00000': 55}","{'00010': 61, '00001': 70, '00011': 70, '00000': 55}",False,,,,,
ideal,q0-q1,59,"Y+,X+->XI",0.046875,256.0,"{'00001': 59, '00010': 61, '00011': 63, '00000': 73}","{'00001': 59, '00010': 61, '00011': 63, '00000': 73}",False,,,,,
ideal,q0-q1,60,"Z-,Y+->ZZ",0.0078125,256.0,"{'00011': 129, '00001': 127}","{'00011': 129, '00001': 127}",False,,,,,
ideal,q0-q1,61,"Z+,X+->IY",0.03125,256.0,"{'00000': 132, '00010': 124}","{'00000': 132, '00010': 124}",False,,,,,
ideal,q0-q1,62,"Z+,X+->ZY",0.1015625,256.0,"{'00000': 141, '00010': 115}","{'00000': 141, '00010': 115}",False,,,,,
ideal,q0-q1,63,"Z+,Y+->IX",-0.0078125,256.0,"{'00000': 127, '00010': 129}","{'00000': 127, '00010': 129}",False,,,,,
ideal,q0-q1,64,"Z+,Y+->ZX",-0.046875,256.0,"{'00010': 134, '00000': 122}","{'00010': 134, '00000': 122}",False,,,,,
ideal,q0-q1,65,"X+,Z+->YX",0.0078125,256.0,"{'00000': 79, '00001': 69, '00011': 50, '00010': 58}","{'00000': 79, '00001': 69, '00011': 50, '00010': 58}",False,,,,,
ideal,q0-q1,66,"Y+,Z+->XX",0.046875,256.0,"{'00000': 64, '00011': 70, '00001': 64, '00010': 58}","{'00000': 64, '00011': 70, '00001': 64, '00010': 58}",False,,,,,
ideal,q0-q1,67,"Z-,X+->ZY",0.0859375,256.0,"{'00011': 139, '00001': 117}","{'00011': 139, '00001': 117}",False,,,,,
ideal,q0-q1,68,"Z-,X+->IY",0.0,256.0,"{'00001': 128, '00011': 128}","{'00001': 128, '00011': 128}",False,,,,,
ideal,q0-q1,69,"Z-,Y+->ZX",-0.0390625,256.0,"{'00001': 133, '00011': 123}","{'00001': 133, '00011': 123}",False,,,,,
ideal,q0-q1,70,"Z-,Y+->IX",-0.0234375,256.0,"{'00011': 131, '00001': 125}","{'00011': 131, '00001': 125}",False,,,,,
ideal,q0-q1,71,"X+,X+->ZI",-0.015625,256.0,"{'00001': 62, '00010': 69, '00000': 57, '00011': 68}","{'00001': 62, '00010': 69, '00000': 57, '00011': 68}",False,,,,,
ideal,q0-q1,72,"Y+,X+->ZI",-0.0078125,256.0,"{'00000': 51, '00010': 76, '00001': 73, '00011': 56}","{'00000': 51, '00010': 76, '00001': 73, '00011': 56}",False,,,,,
ideal,q0-q1,73,"X+,Z-->ZI",-0.0234375,256.0,"{'00010': 125, '00001': 131}","{'00010': 125, '00001': 131}",False,,,,,
ideal,q0-q1,74,"X+,Y+->ZI",0.0859375,256.0,"{'00011': 66, '00010': 70, '00000': 69, '00001': 51}","{'00011': 66, '00010': 70, '00000': 69, '00001': 51}",False,,,,,
ideal,q0-q1,75,"Y+,Z-->ZI",0.015625,256.0,"{'00001': 126, '00010': 130}","{'00001': 126, '00010': 130}",False,,,,,
ideal,q0-q1,76,"Y+,Y+->ZI",-0.0234375,256.0,"{'00001': 76, '00011': 55, '00010': 59, '00000': 66}","{'00001': 76, '00011': 55, '00010': 59, '00000': 66}",False,,,,,
ideal,q0-q1,77,"X+,Z+->ZI",0.015625,256.0,"{'00000': 130, '00011': 126}","{'00000': 130, '00011': 126}",False,,,,,
ideal,q0-q1,78,"Y+,Z+->ZI",-0.046875,256.0,"{'00011': 134, '00000': 122}","{'00011': 134, '00000': 122}",False,,,,,
ideal,q0-q1,79,"Z+,X+->IZ",0.03125,256.0,"{'00000': 132, '00010': 124}","{'00000': 132, '00010': 124}",False,,,,,
ideal,q1-q2,0,"Z-,Y+->ZY",1.0,256.0,{'00110': 256},{'00110': 256},False,,,,,
ideal,q1-q2,1,"X+,X+->XI",1.0,256.0,"{'00000': 123, '00100': 133}","{'00000': 123, '00100': 133}",False,,,,,
ideal,q1-q2,2,"Z-,Z+->ZZ",1.0,256.0,{'00110': 256},{'00110': 256},False,,,,,
ideal,q1-q2,3,"X+,Z+->YY",-1.0,256.0,"{'00010': 117, '00100': 139}","{'00010': 117, '00100': 139}",False,,,,,
ideal,q1-q2,4,"X+,Y+->YZ",1.0,256.0,"{'00000': 122, '00110': 134}","{'00000': 122, '00110': 134}",False,,,,,
ideal,q1-q2,5,"Z-,Y+->ZI",-1.0,256.0,"{'00110': 140, '00010': 116}","{'00110': 140, '00010': 116}",False,,,,,
ideal,q1-q2,6,"X+,Z+->XY",0.03125,256.0,"{'00110': 70, '00000': 62, '00010': 60, '00100': 64}","{'00110': 70, '00000': 62, '00010': 60, '00100': 64}",False,,,,,
ideal,q1-q2,7,"X+,Z-->XY",-0.0859375,256.0,"{'00100': 60, '00010': 79, '00000': 52, '00110': 65}","{'00100': 60, '00010': 79, '00000': 52, '00110': 65}",False,,,,,
ideal,q1-q2,8,"Z+,Y+->IZ",0.1015625,256.0,"{'00100': 115, '00000': 141}","{'00100': 115, '00000': 141}",False,,,,,
ideal,q1-q2,9,"X+,X+->YZ",-0.125,256.0,"{'00000': 69, '00100': 67, '00110': 43, '00010': 77}","{'00000': 69, '00100': 67, '00110': 43, '00010': 77}",False,,,,,
ideal,q1-q2,10,"X+,Y+->ZY",1.0,256.0,"{'00000': 139, '00110': 117}","{'00000': 139, '00110': 117}",False,,,,,
ideal,q1-q2,11,"Y+,Y+->ZY",1.0,256.0,"{'00110': 123, '00000': 133}","{'00110': 123, '00000': 133}",False,,,,,
ideal,q1-q2,12,"X+,Z+->XX",1.0,256.0,"{'00000': 135, '00110': 121}","{'00000': 135, '00110': 121}",False,,,,,
ideal,q1-q2,13,"Y+,Z+->YX",1.0,256.0,"{'00110': 127, '00000': 129}","{'00110': 127, '00000': 129}",False,,,,,
ideal,q1-q2,14,"X+,Y+->XX",1.0,256.0,"{'00000': 117, '00110': 139}","{'00000': 117, '00110': 139}",False,,,,,
ideal,q1-q2,15,"Y+,Y+->YX",1.0,256.0,"{'00110': 138, '00000': 118}","{'00110': 138, '00000': 118}",False,,,,,
ideal,q1-q2,16,"X+,X+->XX",1.0,256.0,{'00000': 256},{'00000': 256},False,,,,,
ideal,q1-q2,17,"Y+,X+->YX",1.0,256.0,{'00000': 256},{'00000': 256},False,,,,,
ideal,q1-q2,18,"X+,Z-->XX",1.0,256.0,"{'00110': 136, '00000': 120}","{'00110': 136, '00000': 120}",False,,,,,
ideal,q1-q2,19,"Y+,Z-->YX",1.0,256.0,"{'00110': 112, '00000': 144}","{'00110': 112, '00000': 144}",False,,,,,
ideal,q1-q2,20,"Y+,X+->YI",1.0,256.0,"{'00100': 131, '00000': 125}","{'00100': 131, '00000': 125}",False,,,,,
ideal,q1-q2,21,"Z+,Y+->IY",1.0,256.0,{'00000': 256},{'00000': 256},False,,,,,
ideal,q1-q2,22,"Z+,Y+->ZY",1.0,256.0,{'00000': 256},{'00000': 256},False,,,,,
ideal,q1-q2,23,"Z-,Y+->IY",-1.0,256.0,{'00110': 256},{'00110': 256},False,,,,,
ideal,q1-q2,24,"Z-,X+->ZX",-1.0,256.0,{'00010': 256},{'00010': 256},False,,,,,
ideal,q1-q2,25,"Y+,Y+->XZ",-1.0,256.0,"{'00100': 135, '00010': 121}","{'00100': 135, '00010': 121}",False,,,,,
ideal,q1-q2,26,"Y+,Z+->XY",1.0,256.0,"{'00110': 137, '00000': 119}","{'00110': 137, '00000': 119}",False,,,,,
ideal,q1-q2,27,"X+,Z-->YY",1.0,256.0,"{'00110': 128, '00000': 128}","{'00110': 128, '00000': 128}",False,,,,,
ideal,q1-q2,28,"Y+,Z-->XY",-1.0,256.0,"{'00100': 137, '00010': 119}","{'00100': 137, '00010': 119}",False,,,,,
ideal,q1-q2,29,"Z-,Z-->ZZ",-1.0,256.0,{'00010': 256},{'00010': 256},False,,,,,
ideal,q1-q2,30,"Z-,Z+->IZ",-1.0,256.0,{'00110': 256},{'00110': 256},False,,,,,
ideal,q1-q2,31,"Z+,Z-->IZ",-1.0,256.0,{'00100': 256},{'00100': 256},False,,,,,
ideal,q1-q2,32,"Z+,Z-->ZZ",-1.0,256.0,{'00100': 256},{'00100': 256},False,,,,,
ideal,q1-q2,33,"Z+,X+->IX",1.0,256.0,{'00000': 256},{'00000': 256},False,,,,,
ideal,q1-q2,34,"Z+,X+->ZX",1.0,256.0,{'00000': 256},{'00000': 256},False,,,,,
ideal,q1-q2,35,"X+,X+->IX",1.0,256.0,"{'00000': 120, '00010': 136}","{'00000': 120, '00010': 136}",False,,,,,
ideal,q1-q2,36,"Y+,X+->IX",1.0,256.0,"{'00000': 128, '00010': 128}","{'00000': 128, '00010': 128}",False,,,,,
ideal,q1-q2,37,"Z-,X+->IX",1.0,256.0,{'00010': 256},{'00010': 256},False,,,,,
ideal,q1-q2,38,"X+,Z-->ZZ",-1.0,256.0,"{'00010': 139, '00100': 117}","{'00010': 139, '00100': 117}",False,,,,,
ideal,q1-q2,39,"Y+,Z-->ZZ",-1.0,256.0,"{'00010': 136, '00100': 120}","{'00010': 136, '00100': 120}",False,,,,,
ideal,q1-q2,40,"X+,Z+->ZZ",1.0,256.0,"{'00000': 137, '00110': 119}","{'00000': 137, '00110': 119}",False,,,,,
ideal,q1-q2,41,"Y+,Z+->ZZ",1.0,256.0,"{'00000': 132, '00110': 124}","{'00000': 132, '00110': 124}",False,,,,,
ideal,q1-q2,42,"Z-,Z-->IZ",1.0,256.0,{'00010': 256},{'00010': 256},False,,,,,
ideal,q1-q2,43,"Z+,Z+->IZ",1.0,256.0,{'00000': 256},{'00000': 256},False,,,,,
ideal,q1-q2,44,"Z+,Z+->ZZ",1.0,256.0,{'00000': 256},{'00000': 256},False,,,,,
ideal,q1-q2,45,"Z-,Z-->ZI",-1.0,256.0,{'00010': 256},{'00010': 256},False,,,,,
ideal,q1-q2,46,"Z-,X+->ZI",-1.0,256.0,"{'00110': 139, '00010': 117}","{'00110': 139, '00010': 117}",False,,,,,
ideal,q1-q2,47,"Z-,Z+->ZI",-1.0,256.0,{'00110': 256},{'00110': 256},False,,,,,
ideal,q1-q2,48,"Z+,Y+->ZZ",0.109375,256.0,"{'00100': 114, '00000': 142}","{'00100': 114, '00000': 142}",False,,,,,
ideal,q1-q2,49,"X+,Y+->IZ",-0.0859375,256.0,"{'00100': 67, '00110': 72, '00000': 63, '00010': 54}","{'00100': 67, '00110': 72, '00000': 63, '00010': 54}",False,,,,,
ideal,q1-q2,50,"Y+,Y+->IZ",0.0625,256.0,"{'00010': 67, '00110': 68, '00100': 52, '00000': 69}","{'00010': 67, '00110': 68, '00100': 52, '00000': 69}",False,,,,,
ideal,q1-q2,51,"Y+,Z-->YY",0.0859375,256.0,"{'00110': 69, '00010': 57, '00000': 70, '00100': 60}","{'00110': 69, '00010': 57, '00000': 70, '00100': 60}",False,,,,,
ideal,q1-q2,52,"X+,Z-->YX",0.0625,256.0,"{'00100': 62, '00000': 64, '00110': 72, '00010': 58}","{'00100': 62, '00000': 64, '00110': 72, '00010': 58}",False,,,,,
ideal,q1-q2,53,"Y+,Z-->XX",0.1015625,256.0,"{'00110': 65, '00000': 76, '00100': 70, '00010': 45}","{'00110': 65, '00000': 76, '00100': 70, '00010': 45}",False,,,,,
ideal,q1-q2,54,"X+,X+->YX",-0.0859375,256.0,"{'00000': 117, '00010': 139}","{'00000': 117, '00010': 139}",False,,,,,
ideal,q1-q2,55,"Y+,X+->XX",-0.0390625,256.0,"{'00000': 123, '00010': 133}","{'00000': 123, '00010': 133}",False,,,,,
ideal,q1-q2,56,"Z-,Y+->IZ",0.109375,256.0,"{'00110': 114, '00010': 142}","{'00110': 114, '00010': 142}",False,,,,,
ideal,q1-q2,57,"Y+,Z+->YY",0.0703125,256.0,"{'00110': 69, '00100': 63, '00000': 68, '00010': 56}","{'00110': 69, '00100': 63, '00000': 68, '00010': 56}",False,,,,,
ideal,q1-q2,58,"X+,X+->YI",0.0234375,256.0,"{'00100': 69, '00010': 62, '00000': 62, '00110': 63}","{'00100': 69, '00010': 62, '00000': 62, '00110': 63}",False,,,,,
ideal,q1-q2,59,"Y+,X+->XI",-0.140625,256.0,"{'00110': 80, '00000': 49, '00100': 61, '00010': 66}","{'00110': 80, '00000': 49, '00100': 61, '00010': 66}",False,,,,,
ideal,q1-q2,60,"Z-,Y+->ZZ",-0.1328125,256.0,"{'00110': 111, '00010': 145}","{'00110': 111, '00010': 145}",False,,,,,
ideal,q1-q2,61,"Z+,X+->IY",0.109375,256.0,"{'00000': 142, '00100': 114}","{'00000': 142, '00100': 114}",False,,,,,
ideal,q1-q2,62,"Z+,X+->ZY",-0.03125,256.0,"{'00000': 124, '00100': 132}","{'00000': 124, '00100': 132}",False,,,,,
ideal,q1-q2,63,"Z+,Y+->IX",0.0234375,256.0,"{'00000': 131, '00100': 125}","{'00000': 131, '00100': 125}",False,,,,,
ideal,q1-q2,64,"Z+,Y+->ZX",-0.0234375,256.0,"{'00100': 131, '00000': 125}","{'00100': 131, '00000': 125}",False,,,,,
ideal,q1-q2,65,"X+,Z+->YX",0.03125,256.0,"{'00000': 67, '00010': 57, '00110': 65, '00100': 67}","{'00000': 67, '00010': 57, '00110': 65, '00100': 67}",False,,,,,
ideal,q1-q2,66,"Y+,Z+->XX",-0.0078125,256.0,"{'00000': 59, '00100': 60, '00010': 69, '00110': 68}","{'00000': 59, '00100': 60, '00010': 69, '00110': 68}",False,,,,,
ideal,q1-q2,67,"Z-,X+->ZY",0.015625,256.0,"{'00010': 126, '00110': 130}","{'00010': 126, '00110': 130}",False,,,,,
ideal,q1-q2,68,"Z-,X+->IY",0.1015625,256.0,"{'00010': 141, '00110': 115}","{'00010': 141, '00110': 115}",False,,,,,
ideal,q1-q2,69,"Z-,Y+->ZX",0.09375,256.0,"{'00110': 140, '00010': 116}","{'00110': 140, '00010': 116}",False,,,,,
ideal,q1-q2,70,"Z-,Y+->IX",0.0703125,256.0,"{'00010': 137, '00110': 119}","{'00010': 137, '00110': 119}",False,,,,,
ideal,q1-q2,71,"X+,X+->ZI",0.0546875,256.0,"{'00000': 71, '00100': 64, '00010': 59, '00110': 62}","{'00000': 71, '00100': 64, '00010': 59, '00110': 62}",False,,,,,
ideal,q1-q2,72,"Y+,X+->ZI",0.0,256.0,"{'00100': 61, '00000': 67, '00110': 65, '00010': 63}","{'00100': 61, '00000': 67, '00110': 65, '00010': 63}",False,,,,,
ideal,q1-q2,73,"X+,Z-->ZI",-0.046875,256.0,"{'00100': 122, '00010': 134}","{'00100': 122, '00010': 134}",False,,,,,
ideal,q1-q2,74,"X+,Y+->ZI",-0.015625,256.0,"{'00100': 67, '00010': 60, '00000': 59, '00110': 70}","{'00100': 67, '00010': 60, '00000': 59, '00110': 70}",False,,,,,
ideal,q1-q2,75,"Y+,Z-->ZI",-0.0703125,256.0,"{'00100': 119, '00010': 137}","{'00100': 119, '00010': 137}",False,,,,,
ideal,q1-q2,76,"Y+,Y+->ZI",-0.0234375,256.0,"{'00010': 58, '00110': 73, '00100': 66, '00000': 59}","{'00010': 58, '00110': 73, '00100': 66, '00000': 59}",False,,,,,
ideal,q1-q2,77,"X+,Z+->ZI",0.0546875,256.0,"{'00000': 135, '00110': 121}","{'00000': 135, '00110': 121}",False,,,,,
ideal,q1-q2,78,"Y+,Z+->ZI",-0.0546875,256.0,"{'00110': 135, '00000': 121}","{'00110': 135, '00000': 121}",False,,,,,
ideal,q1-q2,79,"Z+,X+->IZ",-0.015625,256.0,"{'00100': 130, '00000': 126}","{'00100': 130, '00000': 126}",False,,,,,
ideal,q2-q3,0,"Z-,Y+->ZY",1.0,256.0,{'01100': 256},{'01100': 256},False,,,,,
ideal,q2-q3,1,"X+,X+->XI",1.0,256.0,"{'01000': 129, '00000': 127}","{'01000': 129, '00000': 127}",False,,,,,
ideal,q2-q3,2,"Z-,Z+->ZZ",1.0,256.0,{'01100': 256},{'01100': 256},False,,,,,
ideal,q2-q3,3,"X+,Z+->YY",-1.0,256.0,"{'01000': 123, '00100': 133}","{'01000': 123, '00100': 133}",False,,,,,
ideal,q2-q3,4,"X+,Y+->YZ",1.0,256.0,"{'01100': 128, '00000': 128}","{'01100': 128, '00000': 128}",False,,,,,
ideal,q2-q3,5,"Z-,Y+->ZI",-1.0,256.0,"{'00100': 126, '01100': 130}","{'00100': 126, '01100': 130}",False,,,,,
ideal,q2-q3,6,"X+,Z+->XY",-0.0625,256.0,"{'01000': 67, '00000': 65, '01100': 55, '00100': 69}","{'01000': 67, '00000': 65, '01100': 55, '00100': 69}",False,,,,,
ideal,q2-q3,7,"X+,Z-->XY",-0.0703125,256.0,"{'00000': 72, '01000': 66, '00100': 71, '01100': 47}","{'00000': 72, '01000': 66, '00100': 71, '01100': 47}",False,,,,,
ideal,q2-q3,8,"Z+,Y+->IZ",-0.109375,256.0,"{'01000': 142, '00000': 114}","{'01000': 142, '00000': 114}",False,,,,,
ideal,q2-q3,9,"X+,X+->YZ",0.125,256.0,"{'00000': 78, '01000': 56, '01100': 66, '00100': 56}","{'00000': 78, '01000': 56, '01100': 66, '00100': 56}",False,,,,,
ideal,q2-q3,10,"X+,Y+->ZY",1.0,256.0,"{'01100': 142, '00000': 114}","{'01100': 142, '00000': 114}",False,,,,,
ideal,q2-q3,11,"Y+,Y+->ZY",1.0,256.0,"{'00000': 126, '01100': 130}","{'00000': 126, '01100': 130}",False,,,,,
ideal,q2-q3,12,"X+,Z+->XX",1.0,256.0,"{'00000': 137, '01100': 119}","{'00000': 137, '01100': 119}",False,,,,,
ideal,q2-q3,13,"Y+,Z+->YX",1.0,256.0,"{'01100': 131, '00000': 125}","{'01100': 131, '00000': 125}",False,,,,,
ideal,q2-q3,14,"X+,Y+->XX",1.0,256.0,"{'00000': 128, '01100': 128}","{'00000': 128, '01100': 128}",False,,,,,
ideal,q2-q3,15,"Y+,Y+->YX",1.0,256.0,"{'00000': 140, '01100': 116}","{'00000': 140, '01100': 116}",False,,,,,
ideal,q2-q3,16,"X+,X+->XX",1.0,256.0,{'00000': 256},{'00000': 256},False,,,,,
ideal,q2-q3,17,"Y+,X+->YX",1.0,256.0,{'00000': 256},{'00000': 256},False,,,,,
ideal,q2-q3,18,"X+,Z-->XX",1.0,256.0,"{'01100': 128, '00000': 128}","{'01100': 128, '00000': 128}",False,,,,,
ideal,q2-q3,19,"Y+,Z-->YX",1.0,256.0,"{'01100': 128, '00000': 128}","{'01100': 128, '00000': 128}",False,,,,,
ideal,q2-q3,20,"Y+,X+->YI",1.0,256.0,"{'01000': 129, '00000': 127}","{'01000': 129, '00000': 127}",False,,,,,
ideal,q2-q3,21,"Z+,Y+->IY",1.0,256.0,{'00000': 256},{'00000': 256},False,,,,,
ideal,q2-q3,22,"Z+,Y+->ZY",1.0,256.0,{'00000': 256},{'00000': 256},False,,,,,
ideal,q2-q3,23,"Z-,Y+->IY",-1.0,256.0,{'01100': 256},{'01100': 256},False,,,,,
ideal,q2-q3,24,"Z-,X+->ZX",-1.0,256.0,{'00100': 256},{'00100': 256},False,,,,,
ideal,q2-q3,25,"Y+,Y+->XZ",-1.0,256.0,"{'00100': 144, '01000': 112}","{'00100': 144, '01000': 112}",False,,,,,
ideal,q2-q3,26,"Y+,Z+->XY",1.0,256.0,"{'01100': 116, '00000': 140}","{'01100': 116, '00000': 140}",False,,,,,
ideal,q2-q3,27,"X+,Z-->YY",1.0,256.0,"{'01100': 113, '00000': 143}","{'01100': 113, '00000': 143}",False,,,,,
ideal,q2-q3,28,"Y+,Z-->XY",-1.0,256.0,"{'00100': 123, '01000': 133}","{'00100': 123, '01000': 133}",False,,,,,
ideal,q2-q3,29,"Z-,Z-->ZZ",-1.0,256.0,{'00100': 256},{'00100': 256},False,,,,,
ideal,q2-q3,30,"Z-,Z+->IZ",-1.0,256.0,{'01100': 256},{'01100': 256},False,,,,,
ideal,q2-q3,31,"Z+,Z-->IZ",-1.0,256.0,{'01000': 256},{'01000': 256},False,,,,,
ideal,q2-q3,32,"Z+,Z-->ZZ",-1.0,256.0,{'01000': 256},{'01000': 256},False,,,,,
ideal,q2-q3,33,"Z+,X+->IX",1.0,256.0,{'00000': 256},{'00000': 256},False,,,,,
ideal,q2-q3,34,"Z+,X+->ZX",1.0,256.0,{'00000': 256},{'00000': 256},False,,,,,
ideal,q2-q3,35,"X+,X+->IX",1.0,256.0,"{'00000': 139, '00100': 117}","{'00000': 139, '00100': 117}",False,,,,,
ideal,q2-q3,36,"Y+,X+->IX",1.0,256.0,"{'00000': 121, '00100': 135}","{'00000': 121, '00100': 135}",False,,,,,
ideal,q2-q3,37,"Z-,X+->IX",1.0,256.0,{'00100': 256},{'00100': 256},False,,,,,
ideal,q2-q3,38,"X+,Z-->ZZ",-1.0,256.0,"{'01000': 141, '00100': 115}","{'01000': 141, '00100': 115}",False,,,,,
ideal,q2-q3,39,"Y+,Z-->ZZ",-1.0,256.0,"{'00100': 116, '01000': 140}","{'00100': 116, '01000': 140}",False,,,,,
ideal,q2-q3,40,"X+,Z+->ZZ",1.0,256.0,"{'00000': 134, '01100': 122}","{'00000': 134, '01100': 122}",False,,,,,
ideal,q2-q3,41,"Y+,Z+->ZZ",1.0,256.0,"{'00000': 138, '01100': 118}","{'00000': 138, '01100': 118}",False,,,,,
ideal,q2-q3,42,"Z-,Z-->IZ",1.0,256.0,{'00100': 256},{'00100': 256},False,,,,,
ideal,q2-q3,43,"Z+,Z+->IZ",1.0,256.0,{'00000': 256},{'00000': 256},False,,,,,
ideal,q2-q3,44,"Z+,Z+->ZZ",1.0,256.0,{'00000': 256},{'00000': 256},False,,,,,
ideal,q2-q3,45,"Z-,Z-->ZI",-1.0,256.0,{'00100': 256},{'00100': 256},False,,,,,
ideal,q2-q3,46,"Z-,X+->ZI",-1.0,256.0,"{'01100': 134, '00100': 122}","{'01100': 134, '00100': 122}",False,,,,,
ideal,q2-q3,47,"Z-,Z+->ZI",-1.0,256.0,{'01100': 256},{'01100': 256},False,,,,,
ideal,q2-q3,48,"Z+,Y+->ZZ",-0.0078125,256.0,"{'01000': 129, '00000': 127}","{'01000': 129, '00000': 127}",False,,,,,
ideal,q2-q3,49,"X+,Y+->IZ",-0.0703125,256.0,"{'01000': 73, '00000': 57, '01100': 64, '00100': 62}","{'01000': 73, '00000': 57, '01100': 64, '00100': 62}",False,,,,,
ideal,q2-q3,50,"Y+,Y+->IZ",-0.03125,256.0,"{'00100': 56, '01000': 60, '00000': 68, '01100': 72}","{'00100': 56, '01000': 60, '00000': 68, '01100': 72}",False,,,,,
ideal,q2-q3,51,"Y+,Z-->YY",0.015625,256.0,"{'00000': 70, '01000': 68, '01100': 60, '00100': 58}","{'00000': 70, '01000': 68, '01100': 60, '00100': 58}",False,,,,,
ideal,q2-q3,52,"X+,Z-->YX",0.1640625,256.0,"{'00100': 44, '01000': 63, '00000': 78, '01100': 71}","{'00100': 44, '01000': 63, '00000': 78, '01100': 71}",False,,,,,
ideal,q2-q3,53,"Y+,Z-->XX",0.0,256.0,"{'00000': 69, '01000': 54, '01100': 59, '00100': 74}","{'00000': 69, '01000': 54, '01100': 59, '00100': 74}",False,,,,,
ideal,q2-q3,54,"X+,X+->YX",0.03125,256.0,"{'00000': 132, '00100': 124}","{'00000': 132, '00100': 124}",False,,,,,
ideal,q2-q3,55,"Y+,X+->XX",-0.03125,256.0,"{'00000': 124, '00100': 132}","{'00000': 124, '00100': 132}",False,,,,,
ideal,q2-q3,56,"Z-,Y+->IZ",0.0,256.0,"{'00100': 128, '01100': 128}","{'00100': 128, '01100': 128}",False,,,,,
ideal,q2-q3,57,"Y+,Z+->YY",0.0546875,256.0,"{'00100': 58, '00000': 55, '01000': 63, '01100': 80}","{'00100': 58, '00000': 55, '01000': 63, '01100': 80}",False,,,,,
ideal,q2-q3,58,"X+,X+->YI",-0.0546875,256.0,"{'00000': 65, '01000': 56, '00100': 66, '01100': 69}","{'00000': 65, '01000': 56, '00100': 66, '01100': 69}",False,,,,,
ideal,q2-q3,59,"Y+,X+->XI",-0.015625,256.0,"{'00000': 64, '01000': 62, '00100': 72, '01100': 58}","{'00000': 64, '01000': 62, '00100': 72, '01100': 58}",False,,,,,
ideal,q2-q3,60,"Z-,Y+->ZZ",0.0390625,256.0,"{'01100': 133, '00100': 123}","{'01100': 133, '00100': 123}",False,,,,,
ideal,q2-q3,61,"Z+,X+->IY",-0.046875,256.0,"{'00000': 122, '01000': 134}","{'00000': 122, '01000': 134}",False,,,,,
ideal,q2-q3,62,"Z+,X+->ZY",-0.0078125,256.0,"{'00000': 127, '01000': 129}","{'00000': 127, '01000': 129}",False,,,,,
ideal,q2-q3,63,"Z+,Y+->IX",0.109375,256.0,"{'01000': 114, '00000': 142}","{'01000': 114, '00000': 142}",False,,,,,
ideal,q2-q3,64,"Z+,Y+->ZX",-0.03125,256.0,"{'00000': 124, '01000': 132}","{'00000': 124, '01000': 132}",False,,,,,
ideal,q2-q3,65,"X+,Z+->YX",-0.015625,256.0,"{'00000': 64, '01000': 59, '01100': 62, '00100': 71}","{'00000': 64, '01000': 59, '01100': 62, '00100': 71}",False,,,,,
ideal,q2-q3,66,"Y+,Z+->XX",-0.015625,256.0,"{'01100': 70, '00100': 64, '01000': 66, '00000': 56}","{'01100': 70, '00100': 64, '01000': 66, '00000': 56}",False,,,,,
ideal,q2-q3,67,"Z-,X+->ZY",-0.0078125,256.0,"{'01100': 127, '00100': 129}","{'01100': 127, '00100': 129}",False,,,,,
ideal,q2-q3,68,"Z-,X+->IY",-0.1015625,256.0,"{'01100': 141, '00100': 115}","{'01100': 141, '00100': 115}",False,,,,,
ideal,q2-q3,69,"Z-,Y+->ZX",-0.0390625,256.0,"{'01100': 123, '00100': 133}","{'01100': 123, '00100': 133}",False,,,,,
ideal,q2-q3,70,"Z-,Y+->IX",0.0,256.0,"{'01100': 128, '00100': 128}","{'01100': 128, '00100': 128}",False,,,,,
ideal,q2-q3,71,"X+,X+->ZI",0.0,256.0,"{'01100': 65, '01000': 63, '00000': 65, '00100': 63}","{'01100': 65, '01000': 63, '00000': 65, '00100': 63}",False,,,,,
ideal,q2-q3,72,"Y+,X+->ZI",0.046875,256.0,"{'00000': 68, '01000': 66, '00100': 59, '01100': 63}","{'00000': 68, '01000': 66, '00100': 59, '01100': 63}",False,,,,,
ideal,q2-q3,73,"X+,Z-->ZI",0.0078125,256.0,"{'00100': 127, '01000': 129}","{'00100': 127, '01000': 129}",False,,,,,
ideal,q2-q3,74,"X+,Y+->ZI",-0.0390625,256.0,"{'00100': 70, '01100': 63, '01000': 64, '00000': 59}","{'00100': 70, '01100': 63, '01000': 64, '00000': 59}",False,,,,,
ideal,q2-q3,75,"Y+,Z-->ZI",0.0390625,256.0,"{'00100': 123, '01000': 133}","{'00100': 123, '01000': 133}",False,,,,,
ideal,q2-q3,76,"Y+,Y+->ZI",0.015625,256.0,"{'00000': 70, '01000': 60, '00100': 76, '01100': 50}","{'00000': 70, '01000': 60, '00100': 76, '01100': 50}",False,,,,,
ideal,q2-q3,77,"X+,Z+->ZI",-0.1015625,256.0,"{'01100': 141, '00000': 115}","{'01100': 141, '00000': 115}",False,,,,,
ideal,q2-q3,78,"Y+,Z+->ZI",0.0390625,256.0,"{'01100': 123, '00000': 133}","{'01100': 123, '00000': 133}",False,,,,,
ideal,q2-q3,79,"Z+,X+->IZ",0.0859375,256.0,"{'01000': 117, '00000': 139}","{'01000': 117, '00000': 139}",False,,,,,
ideal,q3-q4,0,"Z-,Y+->ZY",1.0,256.0,{'11000': 256},{'11000': 256},False,,,,,
ideal,q3-q4,1,"X+,X+->XI",1.0,256.0,"{'00000': 131, '10000': 125}","{'00000': 131, '10000': 125}",False,,,,,
ideal,q3-q4,2,"Z-,Z+->ZZ",1.0,256.0,{'11000': 256},{'11000': 256},False,,,,,
ideal,q3-q4,3,"X+,Z+->YY",-1.0,256.0,"{'10000': 122, '01000': 134}","{'10000': 122, '01000': 134}",False,,,,,
ideal,q3-q4,4,"X+,Y+->YZ",1.0,256.0,"{'00000': 137, '11000': 119}","{'00000': 137, '11000': 119}",False,,,,,
ideal,q3-q4,5,"Z-,Y+->ZI",-1.0,256.0,"{'01000': 127, '11000': 129}","{'01000': 127, '11000': 129}",False,,,,,
ideal,q3-q4,6,"X+,Z+->XY",0.015625,256.0,"{'01000': 56, '00000': 65, '10000': 70, '11000': 65}","{'01000': 56, '00000': 65, '10000': 70, '11000': 65}",False,,,,,
ideal,q3-q4,7,"X+,Z-->XY",0.046875,256.0,"{'10000': 62, '11000': 72, '01000': 60, '00000': 62}","{'10000': 62, '11000': 72, '01000': 60, '00000': 62}",False,,,,,
ideal,q3-q4,8,"Z+,Y+->IZ",0.03125,256.0,"{'10000': 124, '00000': 132}","{'10000': 124, '00000': 132}",False,,,,,
ideal,q3-q4,9,"X+,X+->YZ",0.0,256.0,"{'11000': 61, '10000': 60, '00000': 67, '01000': 68}","{'11000': 61, '10000': 60, '00000': 67, '01000': 68}",False,,,,,
ideal,q3-q4,10,"X+,Y+->ZY",1.0,256.0,"{'11000': 153, '00000': 103}","{'11000': 153, '00000': 103}",False,,,,,
ideal,q3-q4,11,"Y+,Y+->ZY",1.0,256.0,"{'00000': 114, '11000': 142}","{'00000': 114, '11000': 142}",False,,,,,
ideal,q3-q4,12,"X+,Z+->XX",1.0,256.0,"{'00000': 126, '11000': 130}","{'00000': 126, '11000': 130}",False,,,,,
ideal,q3-q4,13,"Y+,Z+->YX",1.0,256.0,"{'11000': 144, '00000': 112}","{'11000': 144, '00000': 112}",False,,,,,
ideal,q3-q4,14,"X+,Y+->XX",1.0,256.0,"{'11000': 138, '00000': 118}","{'11000': 138, '00000': 118}",False,,,,,
ideal,q3-q4,15,"Y+,Y+->YX",1.0,256.0,"{'11000': 125, '00000': 131}","{'11000': 125, '00000': 131}",False,,,,,
ideal,q3-q4,16,"X+,X+->XX",1.0,256.0,{'00000': 256},{'00000': 256},False,,,,,
ideal,q3-q4,17,"Y+,X+->YX",1.0,256.0,{'00000': 256},{'00000': 256},False,,,,,
ideal,q3-q4,18,"X+,Z-->XX",1.0,256.0,"{'11000': 130, '00000': 126}","{'11000': 130, '00000': 126}",False,,,,,
ideal,q3-q4,19,"Y+,Z-->YX",1.0,256.0,"{'00000': 122, '11000': 134}","{'00000': 122, '11000': 134}",False,,,,,
ideal,q3-q4,20,"Y+,X+->YI",1.0,256.0,"{'00000': 123, '10000': 133}","{'00000': 123, '10000': 133}",False,,,,,
ideal,q3-q4,21,"Z+,Y+->IY",1.0,256.0,{'00000': 256},{'00000': 256},False,,,,,
ideal,q3-q4,22,"Z+,Y+->ZY",1.0,256.0,{'00000': 256},{'00000': 256},False,,,,,
ideal,q3-q4,23,"Z-,Y+->IY",-1.0,256.0,{'11000': 256},{'11000': 256},False,,,,,
ideal,q3-q4,24,"Z-,X+->ZX",-1.0,256.0,{'01000': 256},{'01000': 256},False,,,,,
ideal,q3-q4,25,"Y+,Y+->XZ",-1.0,256.0,"{'01000': 125, '10000': 131}","{'01000': 125, '10000': 131}",False,,,,,
ideal,q3-q4,26,"Y+,Z+->XY",1.0,256.0,"{'11000': 133, '00000': 123}","{'11000': 133, '00000': 123}",False,,,,,
ideal,q3-q4,27,"X+,Z-->YY",1.0,256.0,"{'00000': 128, '11000': 128}","{'00000': 128, '11000': 128}",False,,,,,
ideal,q3-q4,28,"Y+,Z-->XY",-1.0,256.0,"{'10000': 120, '01000': 136}","{'10000': 120, '01000': 136}",False,,,,,
ideal,q3-q4,29,"Z-,Z-->ZZ",-1.0,256.0,{'01000': 256},{'01000': 256},False,,,,,
ideal,q3-q4,30,"Z-,Z+->IZ",-1.0,256.0,{'11000': 256},{'11000': 256},False,,,,,
ideal,q3-q4,31,"Z+,Z-->IZ",-1.0,256.0,{'10000': 256},{'10000': 256},False,,,,,
ideal,q3-q4,32,"Z+,Z-->ZZ",-1.0,256.0,{'10000': 256},{'10000': 256},False,,,,,
ideal,q3-q4,33,"Z+,X+->IX",1.0,256.0,{'00000': 256},{'00000': 256},False,,,,,
ideal,q3-q4,34,"Z+,X+->ZX",1.0,256.0,{'00000': 256},{'00000': 256},False,,,,,
ideal,q3-q4,35,"X+,X+->IX",1.0,256.0,"{'00000': 123, '01000': 133}","{'00000': 123, '01000': 133}",False,,,,,
ideal,q3-q4,36,"Y+,X+->IX",1.0,256.0,"{'00000': 123, '01000': 133}","{'00000': 123, '01000': 133}",False,,,,,
ideal,q3-q4,37,"Z-,X+->IX",1.0,256.0,{'01000': 256},{'01000': 256},False,,,,,
ideal,q3-q4,38,"X+,Z-->ZZ",-1.0,256.0,"{'01000': 128, '10000': 128}","{'01000': 128, '10000': 128}",False,,,,,
ideal,q3-q4,39,"Y+,Z-->ZZ",-1.0,256.0,"{'10000': 133, '01000': 123}","{'10000': 133, '01000': 123}",False,,,,,
ideal,q3-q4,40,"X+,Z+->ZZ",1.0,256.0,"{'00000': 136, '11000': 120}","{'00000': 136, '11000': 120}",False,,,,,
ideal,q3-q4,41,"Y+,Z+->ZZ",1.0,256.0,"{'00000': 131, '11000': 125}","{'00000': 131, '11000': 125}",False,,,,,
ideal,q3-q4,42,"Z-,Z-->IZ",1.0,256.0,{'01000': 256},{'01000': 256},False,,,,,
ideal,q3-q4,43,"Z+,Z+->IZ",1.0,256.0,{'00000': 256},{'00000': 256},False,,,,,
ideal,q3-q4,44,"Z+,Z+->ZZ",1.0,256.0,{'00000': 256},{'00000': 256},False,,,,,
ideal,q3-q4,45,"Z-,Z-->ZI",-1.0,256.0,{'01000': 256},{'01000': 256},False,,,,,
ideal,q3-q4,46,"Z-,X+->ZI",-1.0,256.0,"{'01000': 121, '11000': 135}","{'01000': 121, '11000': 135}",False,,,,,
ideal,q3-q4,47,"Z-,Z+->ZI",-1.0,256.0,{'11000': 256},{'11000': 256},False,,,,,
ideal,q3-q4,48,"Z+,Y+->ZZ",-0.1640625,256.0,"{'00000': 107, '10000': 149}","{'00000': 107, '10000': 149}",False,,,,,
ideal,q3-q4,49,"X+,Y+->IZ",0.0078125,256.0,"{'11000': 61, '10000': 66, '00000': 53, '01000': 76}","{'11000': 61, '10000': 66, '00000': 53, '01000': 76}",False,,,,,
ideal,q3-q4,50,"Y+,Y+->IZ",-0.03125,256.0,"{'00000': 60, '01000': 64, '10000': 83, '11000': 49}","{'00000': 60, '01000': 64, '10000': 83, '11000': 49}",False,,,,,
ideal,q3-q4,51,"Y+,Z-->YY",0.078125,256.0,"{'00000': 71, '01000': 63, '10000': 55, '11000': 67}","{'00000': 71, '01000': 63, '10000': 55, '11000': 67}",False,,,,,
ideal,q3-q4,52,"X+,Z-->YX",-0.015625,256.0,"{'11000': 64, '10000': 77, '01000': 53, '00000': 62}","{'11000': 64, '10000': 77, '01000': 53, '00000': 62}",False,,,,,
ideal,q3-q4,53,"Y+,Z-->XX",-0.0625,256.0,"{'10000': 76, '11000': 50, '00000': 70, '01000': 60}","{'10000': 76, '11000': 50, '00000': 70, '01000': 60}",False,,,,,
ideal,q3-q4,54,"X+,X+->YX",-0.09375,256.0,"{'01000': 140, '00000': 116}","{'01000': 140, '00000': 116}",False,,,,,
ideal,q3-q4,55,"Y+,X+->XX",-0.015625,256.0,"{'01000': 130, '00000': 126}","{'01000': 130, '00000': 126}",False,,,,,
ideal,q3-q4,56,"Z-,Y+->IZ",-0.0234375,256.0,"{'01000': 125, '11000': 131}","{'01000': 125, '11000': 131}",False,,,,,
ideal,q3-q4,57,"Y+,Z+->YY",-0.046875,256.0,"{'00000': 60, '01000': 66, '11000': 62, '10000': 68}","{'00000': 60, '01000': 66, '11000': 62, '10000': 68}",False,,,,,
ideal,q3-q4,58,"X+,X+->YI",0.0390625,256.0,"{'10000': 71, '11000': 64, '00000': 62, '01000': 59}","{'10000': 71, '11000': 64, '00000': 62, '01000': 59}",False,,,,,
ideal,q3-q4,59,"Y+,X+->XI",-0.0078125,256.0,"{'01000': 66, '00000': 70, '10000': 57, '11000': 63}","{'01000': 66, '00000': 70, '10000': 57, '11000': 63}",False,,,,,
ideal,q3-q4,60,"Z-,Y+->ZZ",-0.0078125,256.0,"{'01000': 129, '11000': 127}","{'01000': 129, '11000': 127}",False,,,,,
ideal,q3-q4,61,"Z+,X+->IY",0.03125,256.0,"{'10000': 124, '00000': 132}","{'10000': 124, '00000': 132}",False,,,,,
ideal,q3-q4,62,"Z+,X+->ZY",-0.046875,256.0,"{'10000': 134, '00000': 122}","{'10000': 134, '00000': 122}",False,,,,,
ideal,q3-q4,63,"Z+,Y+->IX",0.015625,256.0,"{'00000': 130, '10000': 126}","{'00000': 130, '10000': 126}",False,,,,,
ideal,q3-q4,64,"Z+,Y+->ZX",0.0390625,256.0,"{'10000': 123, '00000': 133}","{'10000': 123, '00000': 133}",False,,,,,
ideal,q3-q4,65,"X+,Z+->YX",0.0390625,256.0,"{'01000': 68, '00000': 64, '10000': 55, '11000': 69}","{'01000': 68, '00000': 64, '10000': 55, '11000': 69}",False,,,,,
ideal,q3-q4,66,"Y+,Z+->XX",0.0390625,256.0,"{'10000': 62, '11000': 60, '00000': 73, '01000': 61}","{'10000': 62, '11000': 60, '00000': 73, '01000': 61}",False,,,,,
ideal,q3-q4,67,"Z-,X+->ZY",-0.046875,256.0,"{'01000': 134, '11000': 122}","{'01000': 134, '11000': 122}",False,,,,,
ideal,q3-q4,68,"Z-,X+->IY",-0.0234375,256.0,"{'01000': 125, '11000': 131}","{'01000': 125, '11000': 131}",False,,,,,
ideal,q3-q4,69,"Z-,Y+->ZX",-0.03125,256.0,"{'11000': 124, '01000': 132}","{'11000': 124, '01000': 132}",False,,,,,
ideal,q3-q4,70,"Z-,Y+->IX",-0.0546875,256.0,"{'11000': 135, '01000': 121}","{'11000': 135, '01000': 121}",False,,,,,
ideal,q3-q4,71,"X+,X+->ZI",-0.0703125,256.0,"{'11000': 63, '10000': 65, '00000': 54, '01000': 74}","{'11000': 63, '10000': 65, '00000': 54, '01000': 74}",False,,,,,
ideal,q3-q4,72,"Y+,X+->ZI",0.0625,256.0,"{'00000': 67, '01000': 61, '10000': 69, '11000': 59}","{'00000': 67, '01000': 61, '10000': 69, '11000': 59}",False,,,,,
ideal,q3-q4,73,"X+,Z-->ZI",-0.1171875,256.0,"{'10000': 113, '01000': 143}","{'10000': 113, '01000': 143}",False,,,,,
ideal,q3-q4,74,"X+,Y+->ZI",0.03125,256.0,"{'11000': 53, '10000': 72, '01000': 71, '00000': 60}","{'11000': 53, '10000': 72, '01000': 71, '00000': 60}",False,,,,,
ideal,q3-q4,75,"Y+,Z-->ZI",0.0234375,256.0,"{'01000': 125, '10000': 131}","{'01000': 125, '10000': 131}",False,,,,,
ideal,q3-q4,76,"Y+,Y+->ZI",0.0859375,256.0,"{'11000': 54, '10000': 67, '00000': 72, '01000': 63}","{'11000': 54, '10000': 67, '00000': 72, '01000': 63}",False,,,,,
ideal,q3-q4,77,"X+,Z+->ZI",-0.0859375,256.0,"{'11000': 139, '00000': 117}","{'11000': 139, '00000': 117}",False,,,,,
ideal,q3-q4,78,"Y+,Z+->ZI",-0.0234375,256.0,"{'00000': 125, '11000': 131}","{'00000': 125, '11000': 131}",False,,,,,
ideal,q3-q4,79,"Z+,X+->IZ",0.015625,256.0,"{'00000': 130, '10000': 126}","{'00000': 130, '10000': 126}",False,,,,,
raw,q0,0,X+->X,0.9765625,256.0,"{'01000': 3, '00000': 248, '00001': 3, '00010': 2}","{'01000': 3, '00000': 248, '00001': 3, '00010': 2}",False,,,,,
raw,q0,1,X+->Y,0.0,256.0,"{'10001': 1, '01000': 1, '00000': 125, '01001': 2, '00001': 123, '00011': 1, '00101': 1, '00010': 2}","{'10001': 1, '01000': 1, '00000': 125, '01001': 2, '00001': 123, '00011': 1, '00101': 1, '00010': 2}",False,,,,,
raw,q0,2,X+->Z,0.0859375,256.0,"{'01001': 1, '00001': 114, '00000': 137, '00010': 2, '00011': 2}","{'01001': 1, '00001': 114, '00000': 137, '00010': 2, '00011': 2}",False,,,,,
raw,q0,3,X-->X,-0.984375,256.0,"{'01001': 5, '00001': 240, '00101': 5, '00011': 4, '00000': 1, '01000': 1}","{'01001': 5, '00001': 240, '00101': 5, '00011': 4, '00000': 1, '01000': 1}",False,,,,,
raw,q0,4,X-->Y,-0.0078125,256.0,"{'10001': 2, '00000': 119, '01010': 1, '01001': 3, '00001': 123, '00011': 1, '00010': 3, '00100': 1, '01000': 2, '11000': 1}","{'10001': 2, '00000': 119, '01010': 1, '01001': 3, '00001': 123, '00011': 1, '00010': 3, '00100': 1, '01000': 2, '11000': 1}",False,,,,,
raw,q0,5,X-->Z,0.0,256.0,"{'10001': 1, '01000': 1, '00000': 125, '01001': 1, '00001': 119, '00011': 5, '00101': 2, '00010': 1, '00100': 1}","{'10001': 1, '01000': 1, '00000': 125, '01001': 1, '00001': 119, '00011': 5, '00101': 2, '00010': 1, '00100': 1}",False,,,,,
raw,q0,6,Y+->X,-0.0078125,256.0,"{'01000': 1, '00000': 125, '01001': 1, '00001': 124, '00011': 3, '00101': 1, '00100': 1}","{'01000': 1, '00000': 125, '01001': 1, '00001': 124, '00011': 3, '00101': 1, '00100': 1}",False,,,,,
raw,q0,7,Y+->Y,0.96875,256.0,"{'01000': 2, '00000': 245, '10000': 1, '00001': 4, '00010': 4}","{'01000': 2, '00000': 245, '10000': 1, '00001': 4, '00010': 4}",False,,,,,
raw,q0,8,Y+->Z,-0.03125,256.0,"{'00001': 128, '01000': 1, '00000': 120, '00010': 1, '00100': 1, '01100': 1, '00011': 3, '00101': 1}","{'00001': 128, '01000': 1, '00000': 120, '00010': 1, '00100': 1, '01100': 1, '00011': 3, '00101': 1}",False,,,,,
raw,q0,9,Y-->X,0.0078125,256.0,"{'01001': 1, '00001': 125, '01000': 3, '00000': 125, '00101': 1, '00010': 1}","{'01001': 1, '00001': 125, '01000': 3, '00000': 125, '00101': 1, '00010': 1}",False,,,,,
raw,q0,10,Y-->Y,-0.984375,256.0,"{'01001': 4, '00001': 243, '10001': 1, '00000': 2, '00011': 3, '01011': 1, '00101': 2}","{'01001': 4, '00001': 243, '10001': 1, '00000': 2, '00011': 3, '01011': 1, '00101': 2}",False,,,,,
raw,q0,11,Y-->Z,0.0390625,256.0,"{'10001': 1, '01000': 3, '00000': 127, '01001': 1, '00001': 117, '00101': 2, '00011': 2, '00010': 2, '00100': 1}","{'10001': 1, '01000': 3, '00000': 127, '01001': 1, '00001': 117, '00101': 2, '00011': 2, '00010': 2, '00100': 1}",False,,,,,
raw,q0,12,Z+->X,-0.0078125,256.0,"{'01000': 3, '00000': 122, '01001': 1, '00001': 123, '00010': 2, '00101': 2, '00011': 3}","{'01000': 3, '00000': 122, '01001': 1, '00001': 123, '00010': 2, '00101': 2, '00011': 3}",False,,,,,
raw,q0,13,Z+->Y,0.078125,256.0,"{'01000': 4, '00000': 132, '01001': 1, '00001': 113, '00100': 1, '00011': 2, '00010': 1, '00101': 1, '10001': 1}","{'01000': 4, '00000': 132, '01001': 1, '00001': 113, '00100': 1, '00011': 2, '00010': 1, '00101': 1, '10001': 1}",False,,,,,
raw,q0,14,Z+->Z,0.96875,256.0,"{'01000': 3, '00000': 243, '00100': 2, '00001': 4, '00010': 4}","{'01000': 3, '00000': 243, '00100': 2, '00001': 4, '00010': 4}",False,,,,,
raw,q0,15,Z-->X,0.0859375,256.0,"{'01001': 2, '00001': 110, '10001': 1, '01000': 3, '00000': 133, '00011': 3, '00010': 2, '00100': 1, '00101': 1}","{'01001': 2, '00001': 110, '10001': 1, '01000': 3, '00000': 133, '00011': 3, '00010': 2, '00100': 1, '00101': 1}",False,,,,,
raw,q0,16,Z-->Y,0.015625,256.0,"{'01001': 3, '00001': 119, '01000': 2, '00000': 127, '00011': 3, '00101': 1, '00010': 1}","{'01001': 3, '00001': 119, '01000': 2, '00000': 127, '00011': 3, '00101': 1, '00010': 1}",False,,,,,
raw,q0,17,Z-->Z,-0.9609375,256.0,"{'01001': 3, '00001': 242, '00101': 2, '00000': 4, '10001': 1, '00011': 3, '00010': 1}","{'01001': 3, '00001': 242, '00101': 2, '00000': 4, '10001': 1, '00011': 3, '00010': 1}",False,,,,,
raw,q1,0,X+->X,0.9765625,256.0,"{'01000': 8, '00000': 241, '00010': 3, '00100': 2, '00001': 2}","{'01000': 8, '00000': 241, '00010': 3, '00100': 2, '00001': 2}",False,,,,,
raw,q1,1,X+->Y,-0.0234375,256.0,"{'00010': 127, '01000': 1, '00000': 120, '00100': 1, '01010': 2, '00001': 3, '00011': 2}","{'00010': 127, '01000': 1, '00000': 120, '00100': 1, '01010': 2, '00001': 3, '00011': 2}",False,,,,,
raw,q1,2,X+->Z,-0.0390625,256.0,"{'00010': 127, '01000': 1, '00000': 122, '01010': 5, '00011': 1}","{'00010': 127, '01000': 1, '00000': 122, '01010': 5, '00011': 1}",False,,,,,
raw,q1,3,X-->X,-0.953125,256.0,"{'00010': 244, '00000': 6, '00011': 1, '01010': 3, '00110': 2}","{'00010': 244, '00000': 6, '00011': 1, '01010': 3, '00110': 2}",False,,,,,
raw,q1,4,X-->Y,-0.2109375,256.0,"{'00010': 148, '00000': 101, '01010': 4, '00011': 2, '00110': 1}","{'00010': 148, '00000': 101, '01010': 4, '00011': 2, '00110': 1}",False,,,,,
raw,q1,5,X-->Z,0.0703125,256.0,"{'00010': 115, '01000': 3, '00000': 134, '00110': 1, '01010': 2, '00011': 1}","{'00010': 115, '01000': 3, '00000': 134, '00110': 1, '01010': 2, '00011': 1}",False,,,,,
raw,q1,6,Y+->X,0.0390625,256.0,"{'00010': 122, '00000': 126, '01000': 2, '01010': 1, '00001': 4, '00100': 1}","{'00010': 122, '00000': 126, '01000': 2, '01010': 1, '00001': 4, '00100': 1}",False,,,,,
raw,q1,7,Y+->Y,0.9765625,256.0,"{'01000': 3, '00000': 247, '00010': 3, '00100': 2, '00001': 1}","{'01000': 3, '00000': 247, '00010': 3, '00100': 2, '00001': 1}",False,,,,,
raw,q1,8,Y+->Z,-0.0078125,256.0,"{'00010': 122, '01000': 2, '00000': 124, '10010': 1, '00011': 1, '00110': 1, '01010': 4, '00100': 1}","{'00010': 122, '01000': 2, '00000': 124, '10010': 1, '00011': 1, '00110': 1, '01010': 4, '00100': 1}",False,,,,,
raw,q1,9,Y-->X,-0.0078125,256.0,"{'00010': 122, '00000': 123, '00001': 3, '01010': 4, '01001': 1, '00110': 2, '00011': 1}","{'00010': 122, '00000': 123, '00001': 3, '01010': 4, '01001': 1, '00110': 2, '00011': 1}",False,,,,,
raw,q1,10,Y-->Y,-0.9921875,256.0,"{'00010': 251, '00011': 2, '00110': 1, '01010': 1, '00000': 1}","{'00010': 251, '00011': 2, '00110': 1, '01010': 1, '00000': 1}",False,,,,,
raw,q1,11,Y-->Z,-0.03125,256.0,"{'00010': 126, '01000': 2, '00000': 120, '00100': 1, '00110': 3, '00001': 1, '01010': 2, '00011': 1}","{'00010': 126, '01000': 2, '00000': 120, '00100': 1, '00110': 3, '00001': 1, '01010': 2, '00011': 1}",False,,,,,
raw,q1,12,Z+->X,-0.015625,256.0,"{'00010': 128, '01000': 1, '00000': 123, '01010': 1, '00001': 2, '00011': 1}","{'00010': 128, '01000': 1, '00000': 123, '01010': 1, '00001': 2, '00011': 1}",False,,,,,
raw,q1,13,Z+->Y,-0.0234375,256.0,"{'00010': 127, '01000': 1, '00000': 123, '10010': 1, '00011': 2, '01010': 1, '00100': 1}","{'00010': 127, '01000': 1, '00000': 123, '10010': 1, '00011': 2, '01010': 1, '00100': 1}",False,,,,,
raw,q1,14,Z+->Z,0.984375,256.0,"{'01000': 5, '00000': 243, '00001': 2, '10000': 2, '00010': 2, '00100': 2}","{'01000': 5, '00000': 243, '00001': 2, '10000': 2, '00010': 2, '00100': 2}",False,,,,,
raw,q1,15,Z-->X,-0.0859375,256.0,"{'01000': 3, '00000': 113, '01011': 1, '00010': 135, '00001': 1, '01010': 2, '00110': 1}","{'01000': 3, '00000': 113, '01011': 1, '00010': 135, '00001': 1, '01010': 2, '00110': 1}",False,,,,,
raw,q1,16,Z-->Y,-0.1171875,256.0,"{'00010': 138, '01000': 3, '00000': 109, '00001': 1, '01010': 2, '10010': 1, '00011': 2}","{'00010': 138, '01000': 3, '00000': 109, '00001': 1, '01010': 2, '10010': 1, '00011': 2}",False,,,,,
raw,q1,17,Z-->Z,-0.96875,256.0,"{'00010': 246, '00011': 2, '01010': 4, '00000': 4}","{'00010': 246, '00011': 2, '01010': 4, '00000': 4}",False,,,,,
raw,q2,0,X+->X,0.9921875,256.0,"{'01000': 2, '00000': 242, '00010': 4, '00001': 5, '10000': 2, '00100': 1}","{'01000': 2, '00000': 242, '00010': 4, '00001': 5, '10000': 2, '00100': 1}",False,,,,,
raw,q2,1,X+->Y,-0.140625,256.0,"{'00000': 108, '00100': 138, '00010': 1, '01100': 4, '00001': 1, '00110': 3, '10100': 1}","{'00000': 108, '00100': 138, '00010': 1, '01100': 4, '00001': 1, '00110': 3, '10100': 1}",False,,,,,
raw,q2,2,X+->Z,0.015625,256.0,"{'00100': 124, '00000': 123, '01000': 2, '00001': 3, '01100': 2, '00010': 2}","{'00100': 124, '00000': 123, '01000': 2, '00001': 3, '01100': 2, '00010': 2}",False,,,,,
raw,q2,3,X-->X,-0.9921875,256.0,"{'00100': 248, '01100': 2, '00110': 3, '00000': 1, '10100': 1, '00101': 1}","{'00100': 248, '01100': 2, '00110': 3, '00000': 1, '10100': 1, '00101': 1}",False,,,,,
raw,q2,4,X-->Y,-0.0703125,256.0,"{'00100': 133, '01000': 1, '00000': 117, '00010': 1, '01100': 1, '00110': 1, '00101': 2}","{'00100': 133, '01000': 1, '00000': 117, '00010': 1, '01100': 1, '00110': 1, '00101': 2}",False,,,,,
raw,q2,5,X-->Z,0.109375,256.0,"{'00000': 137, '00100': 112, '00010': 4, '10100': 1, '00001': 1, '01100': 1}","{'00000': 137, '00100': 112, '00010': 4, '10100': 1, '00001': 1, '01100': 1}",False,,,,,
raw,q2,6,Y+->X,0.0859375,256.0,"{'01000': 3, '00000': 133, '00100': 112, '00110': 2, '10000': 1, '00001': 1, '00010': 1, '01100': 2, '00101': 1}","{'01000': 3, '00000': 133, '00100': 112, '00110': 2, '10000': 1, '00001': 1, '00010': 1, '01100': 2, '00101': 1}",False,,,,,
raw,q2,7,Y+->Y,1.0,256.0,"{'01000': 5, '00000': 249, '00010': 1, '00001': 1}","{'01000': 5, '00000': 249, '00010': 1, '00001': 1}",False,,,,,
raw,q2,8,Y+->Z,-0.03125,256.0,"{'01000': 3, '00000': 115, '00100': 130, '00001': 4, '01100': 1, '00010': 2, '00110': 1}","{'01000': 3, '00000': 115, '00100': 130, '00001': 4, '01100': 1, '00010': 2, '00110': 1}",False,,,,,
raw,q2,9,Y-->X,-0.046875,256.0,"{'00101': 4, '01000': 1, '00000': 115, '00100': 128, '01100': 1, '00010': 1, '00001': 4, '00110': 1, '10000': 1}","{'00101': 4, '01000': 1, '00000': 115, '00100': 128, '01100': 1, '00010': 1, '00001': 4, '00110': 1, '10000': 1}",False,,,,,
raw,q2,10,Y-->Y,-0.9765625,256.0,"{'00100': 250, '00110': 2, '00101': 1, '00000': 3}","{'00100': 250, '00110': 2, '00101': 1, '00000': 3}",False,,,,,
raw,q2,11,Y-->Z,0.0703125,256.0,"{'00000': 136, '00100': 116, '01100': 2, '00110': 1, '00010': 1}","{'00000': 136, '00100': 116, '01100': 2, '00110': 1, '00010': 1}",False,,,,,
raw,q2,12,Z+->X,0.1328125,256.0,"{'00100': 104, '00000': 141, '00001': 2, '10000': 1, '01100': 2, '00101': 1, '00110': 4, '00010': 1}","{'00100': 104, '00000': 141, '00001': 2, '10000': 1, '01100': 2, '00101': 1, '00110': 4, '00010': 1}",False,,,,,
raw,q2,13,Z+->Y,0.09375,256.0,"{'01000': 1, '00000': 139, '01100': 1, '00100': 114, '00101': 1}","{'01000': 1, '00000': 139, '01100': 1, '00100': 114, '00101': 1}",False,,,,,
raw,q2,14,Z+->Z,0.9765625,256.0,"{'00100': 3, '01000': 5, '00000': 242, '00011': 2, '00010': 2, '00001': 1, '10000': 1}","{'00100': 3, '01000': 5, '00000': 242, '00011': 2, '00010': 2, '00001': 1, '10000': 1}",False,,,,,
raw,q2,15,Z-->X,-0.0390625,256.0,"{'00100': 124, '01000': 4, '00000': 114, '00010': 4, '01100': 5, '00110': 2, '10000': 1, '00101': 2}","{'00100': 124, '01000': 4, '00000': 114, '00010': 4, '01100': 5, '00110': 2, '10000': 1, '00101': 2}",False,,,,,
raw,q2,16,Z-->Y,-0.03125,256.0,"{'00010': 2, '00100': 125, '01000': 2, '00000': 119, '01100': 2, '00110': 4, '00001': 1, '00101': 1}","{'00010': 2, '00100': 125, '01000': 2, '00000': 119, '01100': 2, '00110': 4, '00001': 1, '00101': 1}",False,,,,,
raw,q2,17,Z-->Z,-0.9921875,256.0,"{'01101': 1, '00100': 250, '00101': 1, '00000': 1, '00110': 2, '01100': 1}","{'01101': 1, '00100': 250, '00101': 1, '00000': 1, '00110': 2, '01100': 1}",False,,,,,
raw,q3,0,X+->X,0.953125,256.0,"{'01000': 6, '00000': 244, '00100': 1, '10000': 2, '00001': 3}","{'01000': 6, '00000': 244, '00100': 1, '10000': 2, '00001': 3}",False,,,,,
raw,q3,1,X+->Y,-0.015625,256.0,"{'00000': 122, '01000': 127, '00001': 1, '01010': 2, '00100': 2, '00010': 1, '01100': 1}","{'00000': 122, '01000': 127, '00001': 1, '01010': 2, '00100': 2, '00010': 1, '01100': 1}",False,,,,,
raw,q3,2,X+->Z,0.0546875,256.0,"{'00000': 129, '01000': 119, '01010': 2, '00001': 2, '00010': 3, '00100': 1}","{'00000': 129, '01000': 119, '01010': 2, '00001': 2, '00010': 3, '00100': 1}",False,,,,,
raw,q3,3,X-->X,-0.96875,256.0,"{'00000': 4, '01000': 244, '01001': 4, '01010': 4}","{'00000': 4, '01000': 244, '01001': 4, '01010': 4}",False,,,,,
raw,q3,4,X-->Y,0.03125,256.0,"{'00000': 128, '01000': 120, '01001': 1, '00001': 3, '01010': 3, '00010': 1}","{'00000': 128, '01000': 120, '01001': 1, '00001': 3, '01010': 3, '00010': 1}",False,,,,,
raw,q3,5,X-->Z,-0.0625,256.0,"{'00000': 117, '01000': 134, '00010': 2, '01010': 1, '00001': 1, '01100': 1}","{'00000': 117, '01000': 134, '00010': 2, '01010': 1, '00001': 1, '01100': 1}",False,,,,,
raw,q3,6,Y+->X,-0.0859375,256.0,"{'00000': 112, '01000': 130, '01100': 3, '10000': 1, '01001': 4, '01010': 2, '00010': 4}","{'00000': 112, '01000': 130, '01100': 3, '10000': 1, '01001': 4, '01010': 2, '00010': 4}",False,,,,,
raw,q3,7,Y+->Y,0.9453125,256.0,"{'01000': 7, '00000': 245, '00100': 3, '00010': 1}","{'01000': 7, '00000': 245, '00100': 3, '00010': 1}",False,,,,,
raw,q3,8,Y+->Z,-0.0390625,256.0,"{'01000': 131, '00000': 120, '00100': 1, '00010': 2, '11000': 1, '01001': 1}","{'01000': 131, '00000': 120, '00100': 1, '00010': 2, '11000': 1, '01001': 1}",False,,,,,
raw,q3,9,Y-->X,0.0625,256.0,"{'00000': 129, '01000': 116, '00001': 1, '11000': 1, '01001': 1, '00010': 5, '00100': 1, '01100': 1, '01010': 1}","{'00000': 129, '01000': 116, '00001': 1, '11000': 1, '01001': 1, '00010': 5, '00100': 1, '01100': 1, '01010': 1}",False,,,,,
raw,q3,10,Y-->Y,-0.953125,256.0,"{'00000': 6, '01000': 245, '11000': 1, '01010': 2, '01001': 2}","{'00000': 6, '01000': 245, '11000': 1, '01010': 2, '01001': 2}",False,,,,,
raw,q3,11,Y-->Z,0.0859375,256.0,"{'01000': 113, '00000': 137, '01001': 2, '01010': 1, '10000': 1, '00001': 1, '01100': 1}","{'01000': 113, '00000': 137, '01001': 2, '01010': 1, '10000': 1, '00001': 1, '01100': 1}",False,,,,,
raw,q3,12,Z+->X,0.0234375,256.0,"{'01000': 121, '00000': 130, '01001': 2, '01010': 2, '00010': 1}","{'01000': 121, '00000': 130, '01001': 2, '01010': 2, '00010': 1}",False,,,,,
raw,q3,13,Z+->Y,-0.09375,256.0,"{'01000': 136, '00000': 113, '00001': 1, '01001': 2, '01010': 2, '00010': 2}","{'01000': 136, '00000': 113, '00001': 1, '01001': 2, '01010': 2, '00010': 2}",False,,,,,
raw,q3,14,Z+->Z,0.9609375,256.0,"{'01000': 5, '00000': 242, '00100': 1, '00001': 4, '00010': 4}","{'01000': 5, '00000': 242, '00100': 1, '00001': 4, '00010': 4}",False,,,,,
raw,q3,15,Z-->X,-0.03125,256.0,"{'01000': 126, '00000': 119, '00001': 1, '01010': 1, '01001': 4, '00100': 2, '00010': 2, '01100': 1}","{'01000': 126, '00000': 119, '00001': 1, '01010': 1, '01001': 4, '00100': 2, '00010': 2, '01100': 1}",False,,,,,
raw,q3,16,Z-->Y,0.0625,256.0,"{'00000': 132, '01000': 118, '01001': 1, '00001': 3, '01100': 1, '00100': 1}","{'00000': 132, '01000': 118, '01001': 1, '00001': 3, '01100': 1, '00100': 1}",False,,,,,
raw,q3,17,Z-->Z,-0.9765625,256.0,"{'00000': 2, '01000': 247, '01100': 3, '00001': 1, '01010': 3}","{'00000': 2, '01000': 247, '01100': 3, '00001': 1, '01010': 3}",False,,,,,
raw,q4,0,X+->X,1.0,256.0,"{'01000': 6, '00000': 242, '00001': 4, '00010': 3, '00100': 1}","{'01000': 6, '00000': 242, '00001': 4, '00010': 3, '00100': 1}",False,,,,,
raw,q4,1,X+->Y,0.046875,256.0,"{'10001': 1, '01000': 1, '00000': 129, '11000': 1, '00001': 2, '10000': 119, '00010': 2, '10010': 1}","{'10001': 1, '01000': 1, '00000': 129, '11000': 1, '00001': 2, '10000': 119, '00010': 2, '10010': 1}",False,,,,,
raw,q4,2,X+->Z,0.0,256.0,"{'01000': 2, '10001': 3, '00000': 124, '11000': 2, '10000': 120, '00010': 2, '10010': 3}","{'01000': 2, '10001': 3, '00000': 124, '11000': 2, '10000': 120, '00010': 2, '10010': 3}",False,,,,,
raw,q4,3,X-->X,-0.9921875,256.0,"{'11000': 4, '10000': 237, '00000': 1, '10001': 3, '10010': 7, '10100': 4}","{'11000': 4, '10000': 237, '00000': 1, '10001': 3, '10010': 7, '10100': 4}",False,,,,,
raw,q4,4,X-->Y,0.015625,256.0,"{'11000': 1, '00001': 2, '10000': 120, '01000': 3, '00000': 123, '00010': 2, '10010': 5}","{'11000': 1, '00001': 2, '10000': 120, '01000': 3, '00000': 123, '00010': 2, '10010': 5}",False,,,,,
raw,q4,5,X-->Z,0.0390625,256.0,"{'01000': 3, '10001': 1, '00000': 130, '11000': 1, '10000': 121}","{'01000': 3, '10001': 1, '00000': 130, '11000': 1, '10000': 121}",False,,,,,
raw,q4,6,Y+->X,0.0390625,256.0,"{'01000': 2, '00000': 130, '11000': 1, '10000': 120, '10010': 2, '00100': 1}","{'01000': 2, '00000': 130, '11000': 1, '10000': 120, '10010': 2, '00100': 1}",False,,,,,
raw,q4,7,Y+->Y,0.9921875,256.0,"{'01000': 3, '00000': 249, '00100': 2, '10000': 1, '00001': 1}","{'01000': 3, '00000': 249, '00100': 2, '10000': 1, '00001': 1}",False,,,,,
raw,q4,8,Y+->Z,-0.0703125,256.0,"{'10010': 2, '10001': 2, '00000': 108, '00001': 3, '10000': 131, '11000': 2, '00100': 3, '00010': 2, '01000': 3}","{'10010': 2, '10001': 2, '00000': 108, '00001': 3, '10000': 131, '11000': 2, '00100': 3, '00010': 2, '01000': 3}",False,,,,,
raw,q4,9,Y-->X,-0.0546875,256.0,"{'11000': 3, '00001': 3, '10000': 127, '10001': 2, '01000': 2, '00000': 116, '10010': 3}","{'11000': 3, '00001': 3, '10000': 127, '10001': 2, '01000': 2, '00000': 116, '10010': 3}",False,,,,,
raw,q4,10,Y-->Y,-1.0,256.0,"{'11000': 4, '10000': 246, '10100': 2, '11001': 1, '10010': 3}","{'11000': 4, '10000': 246, '10100': 2, '11001': 1, '10010': 3}",False,,,,,
raw,q4,11,Y-->Z,-0.09375,256.0,"{'10001': 1, '01000': 2, '00000': 109, '00001': 1, '10000': 133, '00010': 2, '00100': 2, '10010': 3, '11000': 3}","{'10001': 1, '01000': 2, '00000': 109, '00001': 1, '10000': 133, '00010': 2, '00100': 2, '10010': 3, '11000': 3}",False,,,,,
raw,q4,12,Z+->X,0.0703125,256.0,"{'10001': 1, '01000': 4, '00000': 128, '11000': 3, '10000': 111, '00100': 1, '10100': 2, '00010': 2, '00001': 2, '10010': 2}","{'10001': 1, '01000': 4, '00000': 128, '11000': 3, '10000': 111, '00100': 1, '10100': 2, '00010': 2, '00001': 2, '10010': 2}",False,,,,,
raw,q4,13,Z+->Y,-0.0234375,256.0,"{'00001': 3, '10000': 129, '01000': 2, '00000': 118, '00010': 2, '10010': 2}","{'00001': 3, '10000': 129, '01000': 2, '00000': 118, '00010': 2, '10010': 2}",False,,,,,
raw,q4,14,Z+->Z,0.9921875,256.0,"{'01000': 4, '00000': 245, '10000': 1, '00001': 2, '00010': 3, '00100': 1}","{'01000': 4, '00000': 245, '10000': 1, '00001': 2, '00010': 3, '00100': 1}",False,,,,,
raw,q4,15,Z-->X,0.0234375,256.0,"{'10001': 1, '01000': 3, '00000': 122, '00001': 2, '10000': 121, '00010': 2, '00100': 2, '10100': 1, '11000': 1, '10010': 1}","{'10001': 1, '01000': 3, '00000': 122, '00001': 2, '10000': 121, '00010': 2, '00100': 2, '10100': 1, '11000': 1, '10010': 1}",False,,,,,
raw,q4,16,Z-->Y,0.03125,256.0,"{'01000': 1, '00000': 128, '00001': 2, '11000': 1, '10000': 121, '00100': 1, '10010': 2}","{'01000': 1, '00000': 128, '00001': 2, '11000': 1, '10000': 121, '00100': 1, '10010': 2}",False,,,,,
raw,q4,17,Z-->Z,-1.0,256.0,"{'11000': 8, '10000': 245, '10100': 1, '10001': 2}","{'11000': 8, '10000': 245, '10100': 1, '10001': 2}",False,,,,,
raw,q0-q1,0,"Z-,Y+->ZY",0.9375,256.0,"{'00011': 243, '00001': 4, '00010': 4, '01011': 4, '00111': 1}","{'00011': 243, '00001': 4, '00010': 4, '01011': 4, '00111': 1}",False,,,,,
raw,q0-q1,1,"X+,X+->XI",0.984375,256.0,"{'00010': 125, '01000': 2, '00000': 125, '00001': 1, '01010': 2, '00011': 1}","{'00010': 125, '01000': 2, '00000': 125, '00001': 1, '01010': 2, '00011': 1}",False,,,,,
raw,q0-q1,2,"Z-,Z+->ZZ",0.921875,256.0,"{'00011': 238, '00110': 1, '00111': 1, '00001': 5, '00010': 4, '10011': 2, '01011': 3, '00000': 2}","{'00011': 238, '00110': 1, '00111': 1, '00001': 5, '00010': 4, '10011': 2, '01011': 3, '00000': 2}",False,,,,,
raw,q0-q1,3,"X+,Z+->YY",-0.9296875,256.0,"{'01010': 2, '01001': 3, '00001': 118, '00010': 123, '10001': 1, '00000': 6, '00011': 3}","{'01010': 2, '01001': 3, '00001': 118, '00010': 123, '10001': 1, '00000': 6, '00011': 3}",False,,,,,
raw,q0-q1,4,"X+,Y+->YZ",0.9453125,256.0,"{'00000': 116, '00011': 129, '10000': 1, '00001': 4, '10011': 1, '01011': 1, '00010': 3, '00111': 1}","{'00000': 116, '00011': 129, '10000': 1, '00001': 4, '10011': 1, '01011': 1, '00010': 3, '00111': 1}",False,,,,,
raw,q0-q1,5,"Z-,Y+->ZI",-0.9765625,256.0,"{'01001': 3, '00001': 115, '00011': 130, '10001': 1, '00000': 1, '00010': 2, '01011': 4}","{'01001': 3, '00001': 115, '00011': 130, '10001': 1, '00000': 1, '00010': 2, '01011': 4}",False,,,,,
raw,q0-q1,6,"X+,Z+->XY",0.1171875,256.0,"{'00011': 75, '00010': 60, '00000': 68, '01001': 1, '00001': 52}","{'00011': 75, '00010': 60, '00000': 68, '01001': 1, '00001': 52}",False,,,,,
raw,q0-q1,7,"X+,Z-->XY",-0.125,256.0,"{'01010': 1, '00001': 70, '00011': 47, '00000': 64, '00010': 72, '00111': 1, '00110': 1}","{'01010': 1, '00001': 70, '00011': 47, '00000': 64, '00010': 72, '00111': 1, '00110': 1}",False,,,,,
raw,q0-q1,8,"Z+,Y+->IZ",-0.0234375,256.0,"{'01000': 3, '00000': 121, '00010': 129, '10000': 1, '01010': 2}","{'01000': 3, '00000': 121, '00010': 129, '10000': 1, '01010': 2}",False,,,,,
raw,q0-q1,9,"X+,X+->YZ",0.1171875,256.0,"{'00001': 65, '01000': 1, '00000': 81, '00011': 61, '00010': 48}","{'00001': 65, '01000': 1, '00000': 81, '00011': 61, '00010': 48}",False,,,,,
raw,q0-q1,10,"X+,Y+->ZY",0.9453125,256.0,"{'00011': 119, '00000': 127, '00001': 2, '00010': 5, '10011': 2, '00111': 1}","{'00011': 119, '00000': 127, '00001': 2, '00010': 5, '10011': 2, '00111': 1}",False,,,,,
raw,q0-q1,11,"Y+,Y+->ZY",0.921875,256.0,"{'00011': 118, '01000': 1, '00000': 121, '00001': 6, '00010': 4, '01011': 3, '00111': 1, '00100': 1, '10011': 1}","{'00011': 118, '01000': 1, '00000': 121, '00001': 6, '00010': 4, '01011': 3, '00111': 1, '00100': 1, '10011': 1}",False,,,,,
raw,q0-q1,12,"X+,Z+->XX",0.953125,256.0,"{'01000': 2, '00000': 126, '00011': 116, '00010': 4, '01011': 5, '10000': 1, '00001': 2}","{'01000': 2, '00000': 126, '00011': 116, '00010': 4, '01011': 5, '10000': 1, '00001': 2}",False,,,,,
raw,q0-q1,13,"Y+,Z+->YX",0.9140625,256.0,"{'00011': 124, '01000': 6, '00000': 108, '00010': 5, '01011': 5, '00001': 6, '00100': 2}","{'00011': 124, '01000': 6, '00000': 108, '00010': 5, '01011': 5, '00001': 6, '00100': 2}",False,,,,,
raw,q0-q1,14,"X+,Y+->XX",0.9609375,256.0,"{'00011': 124, '01000': 1, '00000': 123, '00010': 1, '01011': 2, '00001': 4, '00111': 1}","{'00011': 124, '01000': 1, '00000': 123, '00010': 1, '01011': 2, '00001': 4, '00111': 1}",False,,,,,
raw,q0-q1,15,"Y+,Y+->YX",0.96875,256.0,"{'01000': 1, '00000': 124, '00011': 124, '00010': 3, '01011': 1, '00111': 2, '00001': 1}","{'01000': 1, '00000': 124, '00011': 124, '00010': 3, '01011': 1, '00111': 2, '00001': 1}",False,,,,,
raw,q0-q1,16,"X+,X+->XX",0.8984375,256.0,"{'01000': 2, '00000': 237, '10000': 2, '00001': 8, '00010': 5, '00111': 1, '00100': 1}","{'01000': 2, '00000': 237, '10000': 2, '00001': 8, '00010': 5, '00111': 1, '00100': 1}",False,,,,,
raw,q0-q1,17,"Y+,X+->YX",0.90625,256.0,"{'01000': 2, '00000': 240, '00001': 4, '00010': 8, '00100': 1, '00011': 1}","{'01000': 2, '00000': 240, '00001': 4, '00010': 8, '00100': 1, '00011': 1}",False,,,,,
raw,q0-q1,18,"X+,Z-->XX",0.90625,256.0,"{'00000': 130, '00011': 111, '00001': 5, '10011': 1, '01011': 2, '00010': 6, '00110': 1}","{'00000': 130, '00011': 111, '00001': 5, '10011': 1, '01011': 2, '00010': 6, '00110': 1}",False,,,,,
raw,q0-q1,19,"Y+,Z-->YX",0.953125,256.0,"{'00000': 122, '00011': 125, '01011': 1, '10011': 1, '00010': 4, '00001': 2, '00100': 1}","{'00000': 122, '00011': 125, '01011': 1, '10011': 1, '00010': 4, '00001': 2, '00100': 1}",False,,,,,
raw,q0-q1,20,"Y+,X+->YI",0.9453125,256.0,"{'00010': 123, '01000': 1, '00000': 119, '01001': 1, '01010': 5, '00001': 4, '10010': 1, '00011': 2}","{'00010': 123, '01000': 1, '00000': 119, '01001': 1, '01010': 5, '00001': 4, '10010': 1, '00011': 2}",False,,,,,
raw,q0-q1,21,"Z+,Y+->IY",0.9765625,256.0,"{'01000': 3, '00000': 246, '00010': 2, '00001': 3, '00011': 1, '00100': 1}","{'01000': 3, '00000': 246, '00010': 2, '00001': 3, '00011': 1, '00100': 1}",False,,,,,
raw,q0-q1,22,"Z+,Y+->ZY",0.96875,256.0,"{'01000': 3, '00000': 248, '00010': 4, '00100': 1}","{'01000': 3, '00000': 248, '00010': 4, '00100': 1}",False,,,,,
raw,q0-q1,23,"Z-,Y+->IY",-0.9375,256.0,"{'00011': 237, '01011': 4, '00010': 5, '00000': 2, '00001': 6, '00111': 2}","{'00011': 237, '01011': 4, '00010': 5, '00000': 2, '00001': 6, '00111': 2}",False,,,,,
raw,q0-q1,24,"Z-,X+->ZX",-0.9375,256.0,"{'01001': 4, '00001': 242, '00011': 3, '00000': 5, '00101': 2}","{'01001': 4, '00001': 242, '00011': 3, '00000': 5, '00101': 2}",False,,,,,
raw,q0-q1,25,"Y+,Y+->XZ",-0.953125,256.0,"{'01010': 3, '01001': 3, '00001': 124, '00010': 119, '00000': 3, '00101': 1, '00011': 3}","{'01010': 3, '01001': 3, '00001': 124, '00010': 119, '00000': 3, '00101': 1, '00011': 3}",False,,,,,
raw,q0-q1,26,"Y+,Z+->XY",0.9140625,256.0,"{'01000': 1, '00000': 128, '00011': 113, '01011': 1, '00010': 8, '00111': 1, '00001': 2, '00100': 1, '01001': 1}","{'01000': 1, '00000': 128, '00011': 113, '01011': 1, '00010': 8, '00111': 1, '00001': 2, '00100': 1, '01001': 1}",False,,,,,
raw,q0-q1,27,"X+,Z-->YY",0.953125,256.0,"{'00011': 109, '01000': 1, '00000': 137, '00010': 2, '01011': 2, '00001': 4, '00100': 1}","{'00011': 109, '01000': 1, '00000': 137, '00010': 2, '01011': 2, '00001': 4, '00100': 1}",False,,,,,
raw,q0-q1,28,"Y+,Z-->XY",-0.9375,256.0,"{'00010': 116, '01001': 2, '00001': 129, '00000': 6, '00011': 2, '00110': 1}","{'00010': 116, '01001': 2, '00001': 129, '00000': 6, '00011': 2, '00110': 1}",False,,,,,
raw,q0-q1,29,"Z-,Z-->ZZ",-0.9140625,256.0,"{'01001': 9, '00001': 233, '00000': 6, '00011': 4, '00100': 1, '00101': 2, '00010': 1}","{'01001': 9, '00001': 233, '00000': 6, '00011': 4, '00100': 1, '00101': 2, '00010': 1}",False,,,,,
raw,q0-q1,30,"Z-,Z+->IZ",-0.9375,256.0,"{'00011': 242, '00001': 5, '01011': 5, '00000': 3, '00111': 1}","{'00011': 242, '00001': 5, '01011': 5, '00000': 3, '00111': 1}",False,,,,,
raw,q0-q1,31,"Z+,Z-->IZ",-0.9609375,256.0,"{'00010': 242, '00110': 3, '01010': 2, '00011': 4, '00000': 5}","{'00010': 242, '00110': 3, '01010': 2, '00011': 4, '00000': 5}",False,,,,,
raw,q0-q1,32,"Z+,Z-->ZZ",-0.921875,256.0,"{'10011': 1, '00010': 241, '10010': 1, '00011': 4, '00000': 5, '01010': 4}","{'10011': 1, '00010': 241, '10010': 1, '00011': 4, '00000': 5, '01010': 4}",False,,,,,
raw,q0-q1,33,"Z+,X+->IX",0.953125,256.0,"{'01000': 8, '00000': 238, '00010': 4, '00001': 4, '00011': 2}","{'01000': 8, '00000': 238, '00010': 4, '00001': 4, '00011': 2}",False,,,,,
raw,q0-q1,34,"Z+,X+->ZX",0.96875,256.0,"{'01000': 2, '00000': 250, '00010': 2, '00001': 2}","{'01000': 2, '00000': 250, '00010': 2, '00001': 2}",False,,,,,
raw,q0-q1,35,"X+,X+->IX",0.984375,256.0,"{'01001': 2, '00001': 123, '10001': 3, '01000': 3, '00000': 121, '00101': 1, '00010': 2, '01100': 1}","{'01001': 2, '00001': 123, '10001': 3, '01000': 3, '00000': 121, '00101': 1, '00010': 2, '01100': 1}",False,,,,,
raw,q0-q1,36,"Y+,X+->IX",0.9765625,256.0,"{'01000': 1, '00000': 131, '00001': 119, '00011': 2, '00101': 1, '00010': 1, '00100': 1}","{'01000': 1, '00000': 131, '00001': 119, '00011': 2, '00101': 1, '00010': 1, '00100': 1}",False,,,,,
raw,q0-q1,37,"Z-,X+->IX",0.953125,256.0,"{'01001': 6, '00001': 238, '00011': 4, '00101': 2, '00000': 4, '00010': 2}","{'01001': 6, '00001': 238, '00011': 4, '00101': 2, '00000': 4, '00010': 2}",False,,,,,
raw,q0-q1,38,"X+,Z-->ZZ",-0.953125,256.0,"{'00010': 116, '01010': 4, '01001': 3, '00001': 126, '00000': 4, '00011': 2, '00110': 1}","{'00010': 116, '01010': 4, '01001': 3, '00001': 126, '00000': 4, '00011': 2, '00110': 1}",False,,,,,
raw,q0-q1,39,"Y+,Z-->ZZ",-0.9375,256.0,"{'01011': 1, '00010': 119, '00011': 5, '01001': 1, '01010': 6, '00001': 121, '00000': 2, '10001': 1}","{'01011': 1, '00010': 119, '00011': 5, '01001': 1, '01010': 6, '00001': 121, '00000': 2, '10001': 1}",False,,,,,
raw,q0-q1,40,"X+,Z+->ZZ",0.9296875,256.0,"{'01000': 1, '00000': 133, '01011': 2, '00010': 6, '00011': 107, '10000': 2, '00001': 3, '00111': 2}","{'01000': 1, '00000': 133, '01011': 2, '00010': 6, '00011': 107, '10000': 2, '00001': 3, '00111': 2}",False,,,,,
raw,q0-q1,41,"Y+,Z+->ZZ",0.921875,256.0,"{'01000': 3, '00000': 112, '00011': 125, '00111': 1, '00010': 3, '01011': 3, '01001': 1, '00001': 6, '10011': 1, '00100': 1}","{'01000': 3, '00000': 112, '00011': 125, '00111': 1, '00010': 3, '01011': 3, '01001': 1, '00001': 6, '10011': 1, '00100': 1}",False,,,,,
raw,q0-q1,42,"Z-,Z-->IZ",0.9609375,256.0,"{'01001': 7, '00001': 242, '00010': 2, '00011': 3, '00000': 2}","{'01001': 7, '00001': 242, '00010': 2, '00011': 3, '00000': 2}",False,,,,,
raw,q0-q1,43,"Z+,Z+->IZ",0.9609375,256.0,"{'01000': 4, '00000': 238, '00001': 6, '10000': 3, '00010': 5}","{'01000': 4, '00000': 238, '00001': 6, '10000': 3, '00010': 5}",False,,,,,
raw,q0-q1,44,"Z+,Z+->ZZ",0.96875,256.0,"{'01000': 4, '00000': 245, '00011': 1, '00010': 2, '10000': 1, '00001': 2, '00100': 1}","{'01000': 4, '00000': 245, '00011': 1, '00010': 2, '10000': 1, '00001': 2, '00100': 1}",False,,,,,
raw,q0-q1,45,"Z-,Z-->ZI",-0.9765625,256.0,"{'01001': 7, '00001': 243, '00101': 2, '00011': 1, '00000': 3}","{'01001': 7, '00001': 243, '00101': 2, '00011': 1, '00000': 3}",False,,,,,
raw,q0-q1,46,"Z-,X+->ZI",-0.953125,256.0,"{'01001': 2, '00001': 129, '00011': 117, '00010': 2, '00000': 4, '10001': 2}","{'01001': 2, '00001': 129, '00011': 117, '00010': 2, '00000': 4, '10001': 2}",False,,,,,
raw,q0-q1,47,"Z-,Z+->ZI",-0.953125,256.0,"{'00011': 242, '01011': 5, '00010': 5, '00001': 3, '00000': 1}","{'00011': 242, '01011': 5, '00010': 5, '00001': 3, '00000': 1}",False,,,,,
raw,q0-q1,48,"Z+,Y+->ZZ",0.0234375,256.0,"{'01000': 2, '00000': 129, '00010': 121, '01010': 3, '00001': 1}","{'01000': 2, '00000': 129, '00010': 121, '01010': 3, '00001': 1}",False,,,,,
raw,q0-q1,49,"X+,Y+->IZ",0.0625,256.0,"{'00000': 70, '01011': 1, '00010': 62, '01001': 1, '10000': 1, '00001': 61, '00011': 57, '00100': 1, '01000': 2}","{'00000': 70, '01011': 1, '00010': 62, '01001': 1, '10000': 1, '00001': 61, '00011': 57, '00100': 1, '01000': 2}",False,,,,,
raw,q0-q1,50,"Y+,Y+->IZ",0.0078125,256.0,"{'01010': 1, '00001': 60, '01011': 1, '00010': 76, '01000': 2, '00000': 67, '00011': 48, '00110': 1}","{'01010': 1, '00001': 60, '01011': 1, '00010': 76, '01000': 2, '00000': 67, '00011': 48, '00110': 1}",False,,,,,
raw,q0-q1,51,"Y+,Z-->YY",-0.109375,256.0,"{'01001': 3, '01010': 2, '00001': 66, '00010': 71, '00011': 53, '01000': 1, '00000': 60}","{'01001': 3, '01010': 2, '00001': 66, '00010': 71, '00011': 53, '01000': 1, '00000': 60}",False,,,,,
raw,q0-q1,52,"X+,Z-->YX",-0.109375,256.0,"{'00011': 61, '00001': 81, '10001': 1, '01000': 3, '00000': 49, '00010': 60, '00100': 1}","{'00011': 61, '00001': 81, '10001': 1, '01000': 3, '00000': 49, '00010': 60, '00100': 1}",False,,,,,
raw,q0-q1,53,"Y+,Z-->XX",-0.1484375,256.0,"{'00010': 73, '01001': 1, '01010': 2, '00001': 70, '00011': 54, '01000': 1, '00000': 53, '00110': 1, '11000': 1}","{'00010': 73, '01001': 1, '01010': 2, '00001': 70, '00011': 54, '01000': 1, '00000': 53, '00110': 1, '11000': 1}",False,,,,,
raw,q0-q1,54,"X+,X+->YX",-0.0234375,256.0,"{'01000': 2, '00000': 119, '00001': 125, '00011': 4, '00010': 5, '00101': 1}","{'01000': 2, '00000': 119, '00001': 125, '00011': 4, '00010': 5, '00101': 1}",False,,,,,
raw,q0-q1,55,"Y+,X+->XX",-0.03125,256.0,"{'01000': 1, '00000': 122, '01001': 3, '00001': 128, '00010': 1, '00011': 1}","{'01000': 1, '00000': 122, '01001': 3, '00001': 128, '00010': 1, '00011': 1}",False,,,,,
raw,q0-q1,56,"Z-,Y+->IZ",-0.1171875,256.0,"{'00011': 138, '01001': 3, '00001': 108, '00111': 1, '01011': 1, '00010': 3, '00101': 1, '00000': 1}","{'00011': 138, '01001': 3, '00001': 108, '00111': 1, '01011': 1, '00010': 3, '00101': 1, '00000': 1}",False,,,,,
raw,q0-q1,57,"Y+,Z+->YY",-0.0078125,256.0,"{'00011': 69, '00010': 70, '01001': 1, '01010': 1, '00001': 57, '00000': 57, '00111': 1}","{'00011': 69, '00010': 70, '01001': 1, '01010': 1, '00001': 57, '00000': 57, '00111': 1}",False,,,,,
raw,q0-q1,58,"X+,X+->YI",0.0078125,256.0,"{'00011': 67, '00000': 58, '00010': 70, '01001': 2, '00001': 58, '00100': 1}","{'00011': 67, '00000': 58, '00010': 70, '01001': 2, '00001': 58, '00100': 1}",False,,,,,
raw,q0-q1,59,"Y+,X+->XI",-0.0546875,256.0,"{'01011': 2, '00010': 74, '01001': 1, '00001': 64, '00011': 67, '01000': 2, '00000': 44, '00101': 1, '00110': 1}","{'01011': 2, '00010': 74, '01001': 1, '00001': 64, '00011': 67, '01000': 2, '00000': 44, '00101': 1, '00110': 1}",False,,,,,
raw,q0-q1,60,"Z-,Y+->ZZ",0.0078125,256.0,"{'01001': 3, '00001': 118, '00011': 123, '01011': 5, '00010': 5, '00101': 1, '00111': 1}","{'01001': 3, '00001': 118, '00011': 123, '01011': 5, '00010': 5, '00101': 1, '00111': 1}",False,,,,,
raw,q0-q1,61,"Z+,X+->IY",-0.0703125,256.0,"{'01000': 1, '00000': 118, '00010': 130, '00011': 4, '01010': 3}","{'01000': 1, '00000': 118, '00010': 130, '00011': 4, '01010': 3}",False,,,,,
raw,q0-q1,62,"Z+,X+->ZY",-0.015625,256.0,"{'00010': 124, '01000': 1, '00000': 122, '10010': 1, '00011': 2, '00100': 1, '00001': 2, '01010': 3}","{'00010': 124, '01000': 1, '00000': 122, '10010': 1, '00011': 2, '00100': 1, '00001': 2, '01010': 3}",False,,,,,
raw,q0-q1,63,"Z+,Y+->IX",-0.015625,256.0,"{'00010': 126, '01000': 2, '00000': 117, '10000': 1, '00001': 5, '10010': 1, '00011': 3, '00100': 1}","{'00010': 126, '01000': 2, '00000': 117, '10000': 1, '00001': 5, '10010': 1, '00011': 3, '00100': 1}",False,,,,,
raw,q0-q1,64,"Z+,Y+->ZX",0.0234375,256.0,"{'00010': 120, '01000': 2, '00000': 125, '00011': 1, '01010': 1, '00001': 3, '10000': 1, '00100': 2, '00110': 1}","{'00010': 120, '01000': 2, '00000': 125, '00011': 1, '01010': 1, '00001': 3, '10000': 1, '00100': 2, '00110': 1}",False,,,,,
raw,q0-q1,65,"X+,Z+->YX",0.0859375,256.0,"{'01000': 3, '00000': 74, '01001': 2, '00001': 65, '00010': 49, '00011': 62, '00110': 1}","{'01000': 3, '00000': 74, '01001': 2, '00001': 65, '00010': 49, '00011': 62, '00110': 1}",False,,,,,
raw,q0-q1,66,"Y+,Z+->XX",0.0234375,256.0,"{'00011': 75, '10001': 1, '00000': 54, '01011': 2, '00010': 56, '00001': 65, '00101': 1, '00110': 1, '01001': 1}","{'00011': 75, '10001': 1, '00000': 54, '01011': 2, '00010': 56, '00001': 65, '00101': 1, '00110': 1, '01001': 1}",False,,,,,
raw,q0-q1,67,"Z-,X+->ZY",0.109375,256.0,"{'00011': 140, '01001': 1, '00001': 111, '10001': 1, '00000': 1, '00010': 1, '01011': 1}","{'00011': 140, '01001': 1, '00001': 111, '10001': 1, '00000': 1, '00010': 1, '01011': 1}",False,,,,,
raw,q0-q1,68,"Z-,X+->IY",-0.015625,256.0,"{'00011': 127, '01001': 2, '00001': 121, '00000': 3, '00010': 1, '01011': 2}","{'00011': 127, '01001': 2, '00001': 121, '00000': 3, '00010': 1, '01011': 2}",False,,,,,
raw,q0-q1,69,"Z-,Y+->ZX",-0.0546875,256.0,"{'00011': 119, '00001': 134, '01011': 1, '00010': 1, '00111': 1}","{'00011': 119, '00001': 134, '01011': 1, '00010': 1, '00111': 1}",False,,,,,
raw,q0-q1,70,"Z-,Y+->IX",-0.0234375,256.0,"{'00011': 128, '01001': 1, '00001': 119, '00000': 3, '01011': 1, '00010': 2, '00101': 2}","{'00011': 128, '01001': 1, '00001': 119, '00000': 3, '01011': 1, '00010': 2, '00101': 2}",False,,,,,
raw,q0-q1,71,"X+,X+->ZI",-0.0234375,256.0,"{'00001': 69, '01011': 1, '00010': 60, '00011': 59, '00000': 63, '00101': 1, '00111': 1, '00100': 1, '01010': 1}","{'00001': 69, '01011': 1, '00010': 60, '00011': 59, '00000': 63, '00101': 1, '00111': 1, '00100': 1, '01010': 1}",False,,,,,
raw,q0-q1,72,"Y+,X+->ZI",-0.015625,256.0,"{'01011': 3, '00010': 60, '00011': 66, '01010': 2, '00001': 58, '01001': 1, '00000': 59, '00100': 1, '11011': 1, '00111': 1, '01000': 3, '00110': 1}","{'01011': 3, '00010': 60, '00011': 66, '01010': 2, '00001': 58, '01001': 1, '00000': 59, '00100': 1, '11011': 1, '00111': 1, '01000': 3, '00110': 1}",False,,,,,
raw,q0-q1,73,"X+,Z-->ZI",0.0,256.0,"{'01010': 1, '01001': 4, '00001': 122, '00010': 125, '00000': 2, '00011': 1, '00101': 1}","{'01010': 1, '01001': 4, '00001': 122, '00010': 125, '00000': 2, '00011': 1, '00101': 1}",False,,,,,
raw,q0-q1,74,"X+,Y+->ZI",-0.046875,256.0,"{'01011': 1, '00010': 55, '01000': 1, '00000': 66, '00001': 67, '00011': 66}","{'01011': 1, '00010': 55, '01000': 1, '00000': 66, '00001': 67, '00011': 66}",False,,,,,
raw,q0-q1,75,"Y+,Z-->ZI",-0.0078125,256.0,"{'00010': 119, '01010': 3, '01001': 3, '00001': 121, '00011': 3, '00000': 4, '00110': 1, '00101': 1, '01011': 1}","{'00010': 119, '01010': 3, '01001': 3, '00001': 121, '00011': 3, '00000': 4, '00110': 1, '00101': 1, '01011': 1}",False,,,,,
raw,q0-q1,76,"Y+,Y+->ZI",-0.0078125,256.0,"{'00010': 77, '00001': 76, '00011': 53, '01000': 2, '00000': 48}","{'00010': 77, '00001': 76, '00011': 53, '01000': 2, '00000': 48}",False,,,,,
raw,q0-q1,77,"X+,Z+->ZI",-0.03125,256.0,"{'01000': 1, '00000': 117, '00011': 130, '00010': 3, '01011': 2, '10000': 2, '00100': 1}","{'01000': 1, '00000': 117, '00011': 130, '00010': 3, '01011': 2, '10000': 2, '00100': 1}",False,,,,,
raw,q0-q1,78,"Y+,Z+->ZI",0.0546875,256.0,"{'00011': 113, '00000': 131, '01011': 3, '00010': 4, '00001': 5}","{'00011': 113, '00000': 131, '01011': 3, '00010': 4, '00001': 5}",False,,,,,
raw,q0-q1,79,"Z+,X+->IZ",-0.09375,256.0,"{'01000': 1, '00000': 109, '00010': 130, '01010': 6, '00001': 6, '00011': 4}","{'01000': 1, '00000': 109, '00010': 130, '01010': 6, '00001': 6, '00011': 4}",False,,,,,
raw,q1-q2,0,"Z-,Y+->ZY",0.953125,256.0,"{'00110': 240, '00111': 3, '01110': 7, '00010': 1, '00100': 5}","{'00110': 240, '00111': 3, '01110': 7, '00010': 1, '00100': 5}",False,,,,,
raw,q1-q2,1,"X+,X+->XI",0.96875,256.0,"{'00100': 119, '00000': 129, '01100': 1, '00011': 1, '00110': 2, '00101': 3, '00010': 1}","{'00100': 119, '00000': 129, '01100': 1, '00011': 1, '00110': 2, '00101': 3, '00010': 1}",False,,,,,
raw,q1-q2,2,"Z-,Z+->ZZ",0.9453125,256.0,"{'00110': 236, '00111': 6, '00100': 6, '01110': 6, '00000': 1, '00010': 1}","{'00110': 236, '00111': 6, '00100': 6, '01110': 6, '00000': 1, '00010': 1}",False,,,,,
raw,q1-q2,3,"X+,Z+->YY",-0.9609375,256.0,"{'00100': 117, '00010': 126, '00000': 2, '01010': 3, '00011': 2, '01100': 3, '00110': 3}","{'00100': 117, '00010': 126, '00000': 2, '01010': 3, '00011': 2, '01100': 3, '00110': 3}",False,,,,,
raw,q1-q2,4,"X+,Y+->YZ",0.96875,256.0,"{'00110': 143, '01000': 2, '00000': 104, '00100': 2, '00111': 2, '00010': 2, '01110': 1}","{'00110': 143, '01000': 2, '00000': 104, '00100': 2, '00111': 2, '00010': 2, '01110': 1}",False,,,,,
raw,q1-q2,5,"Z-,Y+->ZI",-0.984375,256.0,"{'00110': 115, '00010': 137, '01010': 1, '00000': 2, '00011': 1}","{'00110': 115, '00010': 137, '01010': 1, '00000': 2, '00011': 1}",False,,,,,
raw,q1-q2,6,"X+,Z+->XY",0.0546875,256.0,"{'00110': 64, '00000': 68, '00100': 55, '00010': 62, '00011': 2, '01100': 1, '00111': 2, '01010': 1, '01000': 1}","{'00110': 64, '00000': 68, '00100': 55, '00010': 62, '00011': 2, '01100': 1, '00111': 2, '01010': 1, '01000': 1}",False,,,,,
raw,q1-q2,7,"X+,Z-->XY",0.0234375,256.0,"{'00110': 69, '00000': 59, '00010': 54, '00100': 68, '00001': 1, '10000': 1, '01110': 1, '00101': 2, '01100': 1}","{'00110': 69, '00000': 59, '00010': 54, '00100': 68, '00001': 1, '10000': 1, '01110': 1, '00101': 2, '01100': 1}",False,,,,,
raw,q1-q2,8,"Z+,Y+->IZ",0.0234375,256.0,"{'00100': 123, '00000': 128, '00010': 2, '00001': 1, '00101': 1, '01100': 1}","{'00100': 123, '00000': 128, '00010': 2, '00001': 1, '00101': 1, '01100': 1}",False,,,,,
raw,q1-q2,9,"X+,X+->YZ",-0.0078125,256.0,"{'00110': 55, '00010': 67, '01000': 1, '00000': 65, '00100': 57, '10010': 1, '01110': 3, '01010': 3, '01100': 1, '00001': 2, '00111': 1}","{'00110': 55, '00010': 67, '01000': 1, '00000': 65, '00100': 57, '10010': 1, '01110': 3, '01010': 3, '01100': 1, '00001': 2, '00111': 1}",False,,,,,
raw,q1-q2,10,"X+,Y+->ZY",0.9609375,256.0,"{'01000': 2, '00000': 131, '00110': 112, '00010': 2, '00100': 3, '00111': 1, '01110': 5}","{'01000': 2, '00000': 131, '00110': 112, '00010': 2, '00100': 3, '00111': 1, '01110': 5}",False,,,,,
raw,q1-q2,11,"Y+,Y+->ZY",0.9765625,256.0,"{'00110': 118, '01000': 5, '00000': 127, '00100': 2, '00111': 3, '00010': 1}","{'00110': 118, '01000': 5, '00000': 127, '00100': 2, '00111': 3, '00010': 1}",False,,,,,
raw,q1-q2,12,"X+,Z+->XX",0.9609375,256.0,"{'01000': 1, '00000': 123, '00110': 122, '01110': 3, '00010': 4, '00111': 1, '00100': 1, '00001': 1}","{'01000': 1, '00000': 123, '00110': 122, '01110': 3, '00010': 4, '00111': 1, '00100': 1, '00001': 1}",False,,,,,
raw,q1-q2,13,"Y+,Z+->YX",0.96875,256.0,"{'01000': 3, '00000': 128, '00110': 113, '01110': 5, '10110': 1, '00100': 2, '00001': 2, '00010': 1, '01100': 1}","{'01000': 3, '00000': 128, '00110': 113, '01110': 5, '10110': 1, '00100': 2, '00001': 2, '00010': 1, '01100': 1}",False,,,,,
raw,q1-q2,14,"X+,Y+->XX",0.9609375,256.0,"{'00110': 128, '01000': 1, '00000': 115, '01110': 3, '00010': 2, '00001': 2, '00111': 2, '00100': 2, '01100': 1}","{'00110': 128, '01000': 1, '00000': 115, '01110': 3, '00010': 2, '00001': 2, '00111': 2, '00100': 2, '01100': 1}",False,,,,,
raw,q1-q2,15,"Y+,Y+->YX",0.9765625,256.0,"{'00110': 112, '01000': 4, '00000': 131, '01110': 4, '00010': 2, '00100': 1, '00001': 2}","{'00110': 112, '01000': 4, '00000': 131, '01110': 4, '00010': 2, '00100': 1, '00001': 2}",False,,,,,
raw,q1-q2,16,"X+,X+->XX",0.9609375,256.0,"{'01000': 2, '00000': 244, '00100': 3, '00010': 2, '00001': 4, '00110': 1}","{'01000': 2, '00000': 244, '00100': 3, '00010': 2, '00001': 4, '00110': 1}",False,,,,,
raw,q1-q2,17,"Y+,X+->YX",0.9609375,256.0,"{'01000': 4, '00000': 242, '00110': 1, '00001': 4, '00010': 5}","{'01000': 4, '00000': 242, '00110': 1, '00001': 4, '00010': 5}",False,,,,,
raw,q1-q2,18,"X+,Z-->XX",0.9765625,256.0,"{'01000': 2, '00000': 126, '10110': 1, '00110': 120, '00001': 1, '01110': 3, '00010': 2, '00100': 1}","{'01000': 2, '00000': 126, '10110': 1, '00110': 120, '00001': 1, '01110': 3, '00010': 2, '00100': 1}",False,,,,,
raw,q1-q2,19,"Y+,Z-->YX",0.9609375,256.0,"{'00110': 125, '01000': 4, '00000': 119, '10110': 1, '00100': 3, '00010': 2, '01110': 2}","{'00110': 125, '01000': 4, '00000': 119, '10110': 1, '00100': 3, '00010': 2, '01110': 2}",False,,,,,
raw,q1-q2,20,"Y+,X+->YI",0.96875,256.0,"{'01000': 5, '00000': 116, '00100': 126, '00010': 2, '00001': 1, '00110': 2, '01100': 2, '00101': 2}","{'01000': 5, '00000': 116, '00100': 126, '00010': 2, '00001': 1, '00110': 2, '01100': 2, '00101': 2}",False,,,,,
raw,q1-q2,21,"Z+,Y+->IY",0.9921875,256.0,"{'01000': 4, '00000': 246, '00001': 4, '00010': 1, '00100': 1}","{'01000': 4, '00000': 246, '00001': 4, '00010': 1, '00100': 1}",False,,,,,
raw,q1-q2,22,"Z+,Y+->ZY",0.96875,256.0,"{'01000': 3, '00000': 248, '00001': 1, '00010': 1, '00100': 3}","{'01000': 3, '00000': 248, '00001': 1, '00010': 1, '00100': 3}",False,,,,,
raw,q1-q2,23,"Z-,Y+->IY",-0.96875,256.0,"{'00110': 240, '00010': 4, '10110': 1, '00111': 2, '00100': 3, '01110': 4, '10100': 1, '01100': 1}","{'00110': 240, '00010': 4, '10110': 1, '00111': 2, '00100': 3, '01110': 4, '10100': 1, '01100': 1}",False,,,,,
raw,q1-q2,24,"Z-,X+->ZX",-0.9765625,256.0,"{'00010': 247, '00011': 2, '10010': 1, '00000': 1, '01010': 3, '00110': 2}","{'00010': 247, '00011': 2, '10010': 1, '00000': 1, '01010': 3, '00110': 2}",False,,,,,
raw,q1-q2,25,"Y+,Y+->XZ",-0.96875,256.0,"{'00010': 118, '00100': 129, '10100': 1, '00011': 1, '00001': 1, '01010': 2, '00000': 2, '00110': 1, '01100': 1}","{'00010': 118, '00100': 129, '10100': 1, '00011': 1, '00001': 1, '01010': 2, '00000': 2, '00110': 1, '01100': 1}",False,,,,,
raw,q1-q2,26,"Y+,Z+->XY",0.953125,256.0,"{'00110': 117, '01000': 1, '00000': 126, '00010': 3, '01110': 3, '00100': 3, '00111': 2, '00001': 1}","{'00110': 117, '01000': 1, '00000': 126, '00010': 3, '01110': 3, '00100': 3, '00111': 2, '00001': 1}",False,,,,,
raw,q1-q2,27,"X+,Z-->YY",0.9765625,256.0,"{'00110': 123, '00100': 1, '01000': 3, '00000': 123, '00001': 3, '00010': 2, '01110': 1}","{'00110': 123, '00100': 1, '01000': 3, '00000': 123, '00001': 3, '00010': 2, '01110': 1}",False,,,,,
raw,q1-q2,28,"Y+,Z-->XY",-0.984375,256.0,"{'00100': 120, '00010': 125, '01100': 3, '00011': 3, '00000': 1, '00110': 1, '01010': 2, '00101': 1}","{'00100': 120, '00010': 125, '01100': 3, '00011': 3, '00000': 1, '00110': 1, '01010': 2, '00101': 1}",False,,,,,
raw,q1-q2,29,"Z-,Z-->ZZ",-0.984375,256.0,"{'00010': 247, '01010': 3, '00000': 2, '00011': 4}","{'00010': 247, '01010': 3, '00000': 2, '00011': 4}",False,,,,,
raw,q1-q2,30,"Z-,Z+->IZ",-0.9921875,256.0,"{'01111': 1, '00110': 247, '01110': 2, '10110': 1, '00111': 3, '00100': 1, '00010': 1}","{'01111': 1, '00110': 247, '01110': 2, '10110': 1, '00111': 3, '00100': 1, '00010': 1}",False,,,,,
raw,q1-q2,31,"Z+,Z-->IZ",-0.9921875,256.0,"{'00100': 248, '00110': 4, '01100': 3, '00000': 1}","{'00100': 248, '00110': 4, '01100': 3, '00000': 1}",False,,,,,
raw,q1-q2,32,"Z+,Z-->ZZ",-0.953125,256.0,"{'00100': 241, '00000': 4, '01100': 5, '00101': 4, '00110': 1, '00111': 1}","{'00100': 241, '00000': 4, '01100': 5, '00101': 4, '00110': 1, '00111': 1}",False,,,,,
raw,q1-q2,33,"Z+,X+->IX",0.9921875,256.0,"{'01000': 3, '00000': 246, '00001': 3, '00110': 1, '00010': 3}","{'01000': 3, '00000': 246, '00001': 3, '00110': 1, '00010': 3}",False,,,,,
raw,q1-q2,34,"Z+,X+->ZX",0.96875,256.0,"{'01000': 5, '00000': 245, '10000': 1, '00001': 1, '01010': 1, '00100': 1, '00010': 2}","{'01000': 5, '00000': 245, '10000': 1, '00001': 1, '01010': 1, '00100': 1, '00010': 2}",False,,,,,
raw,q1-q2,35,"X+,X+->IX",0.9921875,256.0,"{'00010': 116, '00000': 131, '00011': 1, '01001': 1, '00001': 1, '01010': 5, '00110': 1}","{'00010': 116, '00000': 131, '00011': 1, '01001': 1, '00001': 1, '01010': 5, '00110': 1}",False,,,,,
raw,q1-q2,36,"Y+,X+->IX",0.984375,256.0,"{'00010': 118, '01000': 2, '00000': 126, '00011': 4, '00001': 1, '10000': 1, '01010': 2, '00110': 2}","{'00010': 118, '01000': 2, '00000': 126, '00011': 4, '00001': 1, '10000': 1, '01010': 2, '00110': 2}",False,,,,,
raw,q1-q2,37,"Z-,X+->IX",1.0,256.0,"{'00010': 243, '00000': 5, '10010': 1, '00011': 4, '01010': 3}","{'00010': 243, '00000': 5, '10010': 1, '00011': 4, '01010': 3}",False,,,,,
raw,q1-q2,38,"X+,Z-->ZZ",-0.921875,256.0,"{'01100': 3, '00011': 1, '00010': 114, '00100': 123, '00000': 4, '00110': 5, '01010': 2, '10100': 1, '00101': 2, '01110': 1}","{'01100': 3, '00011': 1, '00010': 114, '00100': 123, '00000': 4, '00110': 5, '01010': 2, '10100': 1, '00101': 2, '01110': 1}",False,,,,,
raw,q1-q2,39,"Y+,Z-->ZZ",-0.9609375,256.0,"{'00100': 117, '00010': 126, '00110': 3, '00101': 4, '00000': 2, '01010': 1, '01100': 1, '00011': 2}","{'00100': 117, '00010': 126, '00110': 3, '00101': 4, '00000': 2, '01010': 1, '01100': 1, '00011': 2}",False,,,,,
raw,q1-q2,40,"X+,Z+->ZZ",0.9375,256.0,"{'01000': 3, '00000': 132, '00110': 104, '00010': 6, '00111': 2, '01001': 1, '00001': 1, '01110': 4, '10110': 1, '00100': 2}","{'01000': 3, '00000': 132, '00110': 104, '00010': 6, '00111': 2, '01001': 1, '00001': 1, '01110': 4, '10110': 1, '00100': 2}",False,,,,,
raw,q1-q2,41,"Y+,Z+->ZZ",0.96875,256.0,"{'01000': 3, '00000': 129, '00110': 116, '00010': 3, '10000': 1, '00001': 1, '01110': 2, '00100': 1}","{'01000': 3, '00000': 129, '00110': 116, '00010': 3, '10000': 1, '00001': 1, '01110': 2, '00100': 1}",False,,,,,
raw,q1-q2,42,"Z-,Z-->IZ",1.0,256.0,"{'00010': 249, '01010': 4, '00011': 3}","{'00010': 249, '01010': 4, '00011': 3}",False,,,,,
raw,q1-q2,43,"Z+,Z+->IZ",0.984375,256.0,"{'00010': 4, '01000': 3, '00000': 242, '00001': 5, '00100': 2}","{'00010': 4, '01000': 3, '00000': 242, '00001': 5, '00100': 2}",False,,,,,
raw,q1-q2,44,"Z+,Z+->ZZ",0.9765625,256.0,"{'01000': 7, '00000': 242, '00010': 2, '00001': 4, '00100': 1}","{'01000': 7, '00000': 242, '00010': 2, '00001': 4, '00100': 1}",False,,,,,
raw,q1-q2,45,"Z-,Z-->ZI",-0.96875,256.0,"{'10010': 1, '00011': 2, '00010': 241, '00100': 1, '01010': 6, '00000': 3, '00110': 2}","{'10010': 1, '00011': 2, '00010': 241, '00100': 1, '01010': 6, '00000': 3, '00110': 2}",False,,,,,
raw,q1-q2,46,"Z-,X+->ZI",-0.96875,256.0,"{'00110': 142, '01011': 1, '00010': 102, '01110': 3, '00011': 2, '01010': 2, '00000': 2, '00100': 1, '01000': 1}","{'00110': 142, '01011': 1, '00010': 102, '01110': 3, '00011': 2, '01010': 2, '00000': 2, '00100': 1, '01000': 1}",False,,,,,
raw,q1-q2,47,"Z-,Z+->ZI",-0.984375,256.0,"{'00110': 250, '00100': 2, '00010': 1, '01110': 2, '10010': 1}","{'00110': 250, '00100': 2, '00010': 1, '01110': 2, '10010': 1}",False,,,,,
raw,q1-q2,48,"Z+,Y+->ZZ",-0.0390625,256.0,"{'01000': 2, '00000': 116, '00100': 129, '00001': 2, '10000': 1, '00101': 3, '00110': 2, '01100': 1}","{'01000': 2, '00000': 116, '00100': 129, '00001': 2, '10000': 1, '00101': 3, '00110': 2, '01100': 1}",False,,,,,
raw,q1-q2,49,"X+,Y+->IZ",-0.0078125,256.0,"{'00010': 69, '00000': 56, '00110': 54, '00100': 73, '01100': 2, '00011': 1, '01010': 1}","{'00010': 69, '00000': 56, '00110': 54, '00100': 73, '01100': 2, '00011': 1, '01010': 1}",False,,,,,
raw,q1-q2,50,"Y+,Y+->IZ",0.0390625,256.0,"{'00110': 63, '00010': 72, '00100': 57, '00000': 58, '01010': 2, '00111': 1, '01100': 1, '00101': 1, '10010': 1}","{'00110': 63, '00010': 72, '00100': 57, '00000': 58, '01010': 2, '00111': 1, '01100': 1, '00101': 1, '10010': 1}",False,,,,,
raw,q1-q2,51,"Y+,Z-->YY",-0.0234375,256.0,"{'00010': 65, '00100': 60, '01000': 2, '00000': 63, '00011': 2, '00110': 59, '00101': 3, '00001': 1, '01010': 1}","{'00010': 65, '00100': 60, '01000': 2, '00000': 63, '00011': 2, '00110': 59, '00101': 3, '00001': 1, '01010': 1}",False,,,,,
raw,q1-q2,52,"X+,Z-->YX",-0.0078125,256.0,"{'01000': 2, '00000': 67, '00100': 64, '00010': 60, '00110': 54, '10110': 1, '01010': 4, '01100': 1, '00001': 2, '01110': 1}","{'01000': 2, '00000': 67, '00100': 64, '00010': 60, '00110': 54, '10110': 1, '01010': 4, '01100': 1, '00001': 2, '01110': 1}",False,,,,,
raw,q1-q2,53,"Y+,Z-->XX",-0.046875,256.0,"{'00100': 67, '01000': 2, '00000': 60, '00001': 1, '00110': 55, '00010': 66, '00111': 2, '01110': 2, '00011': 1}","{'00100': 67, '01000': 2, '00000': 60, '00001': 1, '00110': 55, '00010': 66, '00111': 2, '01110': 2, '00011': 1}",False,,,,,
raw,q1-q2,54,"X+,X+->YX",0.140625,256.0,"{'01000': 2, '00000': 138, '00010': 104, '10000': 1, '01010': 3, '00001': 4, '00110': 1, '00011': 1, '10010': 1, '00100': 1}","{'01000': 2, '00000': 138, '00010': 104, '10000': 1, '01010': 3, '00001': 4, '00110': 1, '00011': 1, '10010': 1, '00100': 1}",False,,,,,
raw,q1-q2,55,"Y+,X+->XX",-0.0546875,256.0,"{'01000': 2, '00000': 117, '00010': 127, '01010': 5, '00001': 2, '00100': 2, '00011': 1}","{'01000': 2, '00000': 117, '00010': 127, '01010': 5, '00001': 2, '00100': 2, '00011': 1}",False,,,,,
raw,q1-q2,56,"Z-,Y+->IZ",-0.0234375,256.0,"{'00010': 115, '00110': 125, '00011': 3, '01110': 4, '00100': 2, '01010': 4, '00000': 3}","{'00010': 115, '00110': 125, '00011': 3, '01110': 4, '00100': 2, '01010': 4, '00000': 3}",False,,,,,
raw,q1-q2,57,"Y+,Z+->YY",0.0078125,256.0,"{'00100': 62, '00010': 61, '00110': 56, '01000': 1, '00000': 67, '01010': 2, '00001': 5, '01100': 1, '00101': 1}","{'00100': 62, '00010': 61, '00110': 56, '01000': 1, '00000': 67, '01010': 2, '00001': 5, '01100': 1, '00101': 1}",False,,,,,
raw,q1-q2,58,"X+,X+->YI",-0.0234375,256.0,"{'00010': 62, '00110': 62, '00000': 69, '00111': 3, '00100': 55, '01010': 3, '01110': 1, '00101': 1}","{'00010': 62, '00110': 62, '00000': 69, '00111': 3, '00100': 55, '01010': 3, '01110': 1, '00101': 1}",False,,,,,
raw,q1-q2,59,"Y+,X+->XI",0.015625,256.0,"{'00000': 56, '00110': 60, '00100': 71, '00010': 61, '01100': 1, '00101': 1, '00001': 1, '01010': 3, '00011': 1, '01110': 1}","{'00000': 56, '00110': 60, '00100': 71, '00010': 61, '01100': 1, '00101': 1, '00001': 1, '01010': 3, '00011': 1, '01110': 1}",False,,,,,
raw,q1-q2,60,"Z-,Y+->ZZ",-0.046875,256.0,"{'01110': 1, '00010': 126, '00110': 118, '00111': 2, '00011': 2, '00100': 2, '01010': 4, '00000': 1}","{'01110': 1, '00010': 126, '00110': 118, '00111': 2, '00011': 2, '00100': 2, '01010': 4, '00000': 1}",False,,,,,
raw,q1-q2,61,"Z+,X+->IY",-0.0625,256.0,"{'01000': 2, '00000': 115, '00100': 127, '00010': 1, '01100': 3, '00001': 2, '00110': 4, '00101': 2}","{'01000': 2, '00000': 115, '00100': 127, '00010': 1, '01100': 3, '00001': 2, '00110': 4, '00101': 2}",False,,,,,
raw,q1-q2,62,"Z+,X+->ZY",0.078125,256.0,"{'01000': 2, '00000': 132, '00100': 115, '00101': 1, '00010': 1, '01100': 1, '10000': 2, '00110': 2}","{'01000': 2, '00000': 132, '00100': 115, '00101': 1, '00010': 1, '01100': 1, '10000': 2, '00110': 2}",False,,,,,
raw,q1-q2,63,"Z+,Y+->IX",0.015625,256.0,"{'01000': 3, '00000': 125, '00100': 120, '00101': 2, '00110': 2, '01100': 2, '00001': 2}","{'01000': 3, '00000': 125, '00100': 120, '00101': 2, '00110': 2, '01100': 2, '00001': 2}",False,,,,,
raw,q1-q2,64,"Z+,Y+->ZX",0.09375,256.0,"{'01000': 1, '00000': 135, '00100': 113, '00101': 1, '01100': 1, '00110': 2, '00001': 2, '00010': 1}","{'01000': 1, '00000': 135, '00100': 113, '00101': 1, '01100': 1, '00110': 2, '00001': 2, '00010': 1}",False,,,,,
raw,q1-q2,65,"X+,Z+->YX",0.046875,256.0,"{'00110': 72, '00010': 61, '01000': 1, '00000': 58, '00100': 58, '01110': 3, '00101': 1, '00011': 1, '01010': 1}","{'00110': 72, '00010': 61, '01000': 1, '00000': 58, '00100': 58, '01110': 3, '00101': 1, '00011': 1, '01010': 1}",False,,,,,
raw,q1-q2,66,"Y+,Z+->XX",0.015625,256.0,"{'00010': 62, '00100': 60, '01111': 1, '00110': 69, '00000': 59, '00111': 1, '00101': 1, '01010': 1, '00011': 2}","{'00010': 62, '00100': 60, '01111': 1, '00110': 69, '00000': 59, '00111': 1, '00101': 1, '01010': 1, '00011': 2}",False,,,,,
raw,q1-q2,67,"Z-,X+->ZY",0.0,256.0,"{'00110': 121, '00010': 123, '01110': 2, '00111': 3, '01010': 2, '00011': 2, '00100': 1, '00000': 2}","{'00110': 121, '00010': 123, '01110': 2, '00111': 3, '01010': 2, '00011': 2, '00100': 1, '00000': 2}",False,,,,,
raw,q1-q2,68,"Z-,X+->IY",-0.015625,256.0,"{'00010': 122, '00110': 122, '10110': 1, '00111': 5, '00100': 2, '00011': 4}","{'00010': 122, '00110': 122, '10110': 1, '00111': 5, '00100': 2, '00011': 4}",False,,,,,
raw,q1-q2,69,"Z-,Y+->ZX",0.078125,256.0,"{'00110': 135, '00010': 113, '10110': 1, '00111': 1, '01010': 4, '00100': 1, '01110': 1}","{'00110': 135, '00010': 113, '10110': 1, '00111': 1, '01010': 4, '00100': 1, '01110': 1}",False,,,,,
raw,q1-q2,70,"Z-,Y+->IX",0.0390625,256.0,"{'10011': 1, '00010': 119, '00110': 119, '01110': 2, '00011': 4, '01010': 4, '00000': 4, '00100': 2, '10010': 1}","{'10011': 1, '00010': 119, '00110': 119, '01110': 2, '00011': 4, '01010': 4, '00000': 4, '00100': 2, '10010': 1}",False,,,,,
raw,q1-q2,71,"X+,X+->ZI",-0.03125,256.0,"{'00010': 59, '00100': 56, '00110': 70, '00000': 65, '01110': 1, '01100': 1, '00011': 1, '00001': 1, '10001': 1, '00111': 1}","{'00010': 59, '00100': 56, '00110': 70, '00000': 65, '01110': 1, '01100': 1, '00011': 1, '00001': 1, '10001': 1, '00111': 1}",False,,,,,
raw,q1-q2,72,"Y+,X+->ZI",-0.078125,256.0,"{'00010': 70, '00110': 66, '01000': 1, '00000': 56, '00100': 59, '00101': 1, '00011': 2, '01100': 1}","{'00010': 70, '00110': 66, '01000': 1, '00000': 56, '00100': 59, '00101': 1, '00011': 2, '01100': 1}",False,,,,,
raw,q1-q2,73,"X+,Z-->ZI",-0.046875,256.0,"{'00100': 117, '00010': 122, '00101': 3, '01100': 2, '00011': 3, '00110': 4, '01010': 4, '11010': 1}","{'00100': 117, '00010': 122, '00101': 3, '01100': 2, '00011': 3, '00110': 4, '01010': 4, '11010': 1}",False,,,,,
raw,q1-q2,74,"X+,Y+->ZI",0.078125,256.0,"{'00100': 74, '01000': 2, '00000': 61, '00010': 61, '00110': 55, '00011': 1, '00111': 1, '00101': 1}","{'00100': 74, '01000': 2, '00000': 61, '00010': 61, '00110': 55, '00011': 1, '00111': 1, '00101': 1}",False,,,,,
raw,q1-q2,75,"Y+,Z-->ZI",-0.015625,256.0,"{'00100': 123, '00010': 122, '10010': 2, '00011': 1, '00110': 3, '01010': 2, '00000': 3}","{'00100': 123, '00010': 122, '10010': 2, '00011': 1, '00110': 3, '01010': 2, '00000': 3}",False,,,,,
raw,q1-q2,76,"Y+,Y+->ZI",-0.0703125,256.0,"{'00010': 57, '00110': 77, '01000': 2, '00000': 52, '01101': 1, '00100': 62, '00011': 2, '01010': 1, '00001': 1, '01100': 1}","{'00010': 57, '00110': 77, '01000': 2, '00000': 52, '01101': 1, '00100': 62, '00011': 2, '01010': 1, '00001': 1, '01100': 1}",False,,,,,
raw,q1-q2,77,"X+,Z+->ZI",-0.015625,256.0,"{'00110': 124, '00000': 120, '00010': 2, '00001': 3, '00100': 3, '00111': 3, '01110': 1}","{'00110': 124, '00000': 120, '00010': 2, '00001': 3, '00100': 3, '00111': 3, '01110': 1}",False,,,,,
raw,q1-q2,78,"Y+,Z+->ZI",0.0390625,256.0,"{'01000': 2, '00000': 124, '00110': 118, '00001': 4, '00111': 1, '00010': 2, '00100': 3, '01110': 2}","{'01000': 2, '00000': 124, '00110': 118, '00001': 4, '00111': 1, '00010': 2, '00100': 3, '01110': 2}",False,,,,,
raw,q1-q2,79,"Z+,X+->IZ",-0.015625,256.0,"{'01000': 1, '00000': 122, '00100': 126, '00101': 2, '00001': 1, '01100': 1, '00010': 2, '00110': 1}","{'01000': 1, '00000': 122, '00100': 126, '00101': 2, '00001': 1, '01100': 1, '00010': 2, '00110': 1}",False,,,,,
raw,q2-q3,0,"Z-,Y+->ZY",0.9296875,256.0,"{'01100': 238, '01000': 4, '01101': 4, '00100': 5, '01110': 4, '11100': 1}","{'01100': 238, '01000': 4, '01101': 4, '00100': 5, '01110': 4, '11100': 1}",False,,,,,
raw,q2-q3,1,"X+,X+->XI",0.984375,256.0,"{'01000': 129, '00000': 120, '01101': 1, '00001': 3, '01001': 2, '01100': 1}","{'01000': 129, '00000': 120, '01101': 1, '00001': 3, '01001': 2, '01100': 1}",False,,,,,
raw,q2-q3,2,"Z-,Z+->ZZ",0.9453125,256.0,"{'01100': 244, '01101': 3, '00100': 5, '00000': 1, '01000': 2, '01110': 1}","{'01100': 244, '01101': 3, '00100': 5, '00000': 1, '01000': 2, '01110': 1}",False,,,,,
raw,q2-q3,3,"X+,Z+->YY",-0.9765625,256.0,"{'00000': 1, '01000': 117, '00100': 126, '01010': 3, '01001': 4, '10100': 1, '00101': 1, '01100': 2, '11000': 1}","{'00000': 1, '01000': 117, '00100': 126, '01010': 3, '01001': 4, '10100': 1, '00101': 1, '01100': 2, '11000': 1}",False,,,,,
raw,q2-q3,4,"X+,Y+->YZ",0.953125,256.0,"{'01000': 2, '00000': 115, '01100': 127, '00100': 4, '01101': 3, '00010': 1, '00001': 2, '10000': 1, '01110': 1}","{'01000': 2, '00000': 115, '01100': 127, '00100': 4, '01101': 3, '00010': 1, '00001': 2, '10000': 1, '01110': 1}",False,,,,,
raw,q2-q3,5,"Z-,Y+->ZI",-0.984375,256.0,"{'01101': 1, '00100': 123, '01100': 124, '00101': 3, '01110': 1, '00110': 2, '00000': 1, '01000': 1}","{'01101': 1, '00100': 123, '01100': 124, '00101': 3, '01110': 1, '00110': 2, '00000': 1, '01000': 1}",False,,,,,
raw,q2-q3,6,"X+,Z+->XY",-0.0703125,256.0,"{'01100': 54, '01000': 71, '00000': 63, '00100': 64, '11100': 1, '10100': 1, '01110': 1, '01010': 1}","{'01100': 54, '01000': 71, '00000': 63, '00100': 64, '11100': 1, '10100': 1, '01110': 1, '01010': 1}",False,,,,,
raw,q2-q3,7,"X+,Z-->XY",-0.0078125,256.0,"{'01000': 62, '00000': 77, '01100': 48, '00100': 63, '01010': 2, '00010': 2, '00110': 1, '00101': 1}","{'01000': 62, '00000': 77, '01100': 48, '00100': 63, '01010': 2, '00010': 2, '00110': 1, '00101': 1}",False,,,,,
raw,q2-q3,8,"Z+,Y+->IZ",-0.03125,256.0,"{'01000': 126, '00000': 121, '00100': 1, '00010': 2, '01100': 2, '01001': 2, '01010': 2}","{'01000': 126, '00000': 121, '00100': 1, '00010': 2, '01100': 2, '01001': 2, '01010': 2}",False,,,,,
raw,q2-q3,9,"X+,X+->YZ",-0.015625,256.0,"{'01000': 57, '00000': 63, '01100': 61, '00101': 1, '00100': 71, '00110': 1, '00010': 2}","{'01000': 57, '00000': 63, '01100': 61, '00101': 1, '00100': 71, '00110': 1, '00010': 2}",False,,,,,
raw,q2-q3,10,"X+,Y+->ZY",0.96875,256.0,"{'01000': 1, '00000': 130, '01100': 117, '00100': 3, '01101': 2, '00010': 3}","{'01000': 1, '00000': 130, '01100': 117, '00100': 3, '01101': 2, '00010': 3}",False,,,,,
raw,q2-q3,11,"Y+,Y+->ZY",0.953125,256.0,"{'01100': 137, '01000': 3, '00000': 108, '00001': 2, '00100': 3, '01110': 2, '00010': 1}","{'01100': 137, '01000': 3, '00000': 108, '00001': 2, '00100': 3, '01110': 2, '00010': 1}",False,,,,,
raw,q2-q3,12,"X+,Z+->XX",0.9765625,256.0,"{'01000': 1, '00000': 116, '01100': 132, '00010': 3, '01101': 1, '00100': 2, '10000': 1}","{'01000': 1, '00000': 116, '01100': 132, '00010': 3, '01101': 1, '00100': 2, '10000': 1}",False,,,,,
raw,q2-q3,13,"Y+,Z+->YX",0.9609375,256.0,"{'01000': 3, '00000': 127, '01100': 118, '00001': 3, '01010': 1, '00100': 1, '01110': 3}","{'01000': 3, '00000': 127, '01100': 118, '00001': 3, '01010': 1, '00100': 1, '01110': 3}",False,,,,,
raw,q2-q3,14,"X+,Y+->XX",0.9140625,256.0,"{'01000': 4, '00000': 130, '01100': 107, '01101': 4, '00100': 7, '00001': 2, '00010': 2}","{'01000': 4, '00000': 130, '01100': 107, '01101': 4, '00100': 7, '00001': 2, '00010': 2}",False,,,,,
raw,q2-q3,15,"Y+,Y+->YX",0.90625,256.0,"{'01100': 111, '01000': 4, '00000': 129, '00100': 7, '00010': 2, '01110': 2, '00110': 1}","{'01100': 111, '01000': 4, '00000': 129, '00100': 7, '00010': 2, '01110': 2, '00110': 1}",False,,,,,
raw,q2-q3,16,"X+,X+->XX",0.9609375,256.0,"{'01000': 4, '00000': 246, '00010': 2, '00001': 3, '00100': 1}","{'01000': 4, '00000': 246, '00010': 2, '00001': 3, '00100': 1}",False,,,,,
raw,q2-q3,17,"Y+,X+->YX",0.9375,256.0,"{'01000': 7, '00000': 245, '00100': 1, '00001': 1, '01100': 1, '00010': 1}","{'01000': 7, '00000': 245, '00100': 1, '00001': 1, '01100': 1, '00010': 1}",False,,,,,
raw,q2-q3,18,"X+,Z-->XX",0.953125,256.0,"{'01100': 119, '01000': 1, '00000': 117, '00100': 4, '01101': 1, '01110': 7, '00010': 3, '00001': 3, '01010': 1}","{'01100': 119, '01000': 1, '00000': 117, '00100': 4, '01101': 1, '01110': 7, '00010': 3, '00001': 3, '01010': 1}",False,,,,,
raw,q2-q3,19,"Y+,Z-->YX",0.96875,256.0,"{'01000': 1, '00000': 121, '01100': 119, '01110': 5, '00100': 3, '01101': 4, '00001': 1, '00010': 2}","{'01000': 1, '00000': 121, '01100': 119, '01110': 5, '00100': 3, '01101': 4, '00001': 1, '00010': 2}",False,,,,,
raw,q2-q3,20,"Y+,X+->YI",1.0,256.0,"{'00000': 128, '01000': 118, '01001': 3, '00001': 1, '01010': 3, '00010': 3}","{'00000': 128, '01000': 118, '01001': 3, '00001': 1, '01010': 3, '00010': 3}",False,,,,,
raw,q2-q3,21,"Z+,Y+->IY",0.984375,256.0,"{'01000': 2, '00000': 248, '00001': 4, '00100': 1, '00011': 1}","{'01000': 2, '00000': 248, '00001': 4, '00100': 1, '00011': 1}",False,,,,,
raw,q2-q3,22,"Z+,Y+->ZY",0.953125,256.0,"{'01000': 5, '00000': 246, '00010': 2, '00001': 1, '10000': 1, '00100': 1}","{'01000': 5, '00000': 246, '00010': 2, '00001': 1, '10000': 1, '00100': 1}",False,,,,,
raw,q2-q3,23,"Z-,Y+->IY",-0.9609375,256.0,"{'01100': 242, '01101': 3, '00100': 5, '01110': 4, '11100': 1, '01000': 1}","{'01100': 242, '01101': 3, '00100': 5, '01110': 4, '11100': 1, '01000': 1}",False,,,,,
raw,q2-q3,24,"Z-,X+->ZX",-0.9765625,256.0,"{'00100': 243, '00110': 3, '10100': 1, '00101': 6, '01100': 3}","{'00100': 243, '00110': 3, '10100': 1, '00101': 6, '01100': 3}",False,,,,,
raw,q2-q3,25,"Y+,Y+->XZ",-0.9375,256.0,"{'00000': 4, '01000': 132, '00100': 103, '01010': 5, '01001': 4, '11000': 1, '01110': 1, '01100': 2, '00010': 1, '00101': 3}","{'00000': 4, '01000': 132, '00100': 103, '01010': 5, '01001': 4, '11000': 1, '01110': 1, '01100': 2, '00010': 1, '00101': 3}",False,,,,,
raw,q2-q3,26,"Y+,Z+->XY",0.9609375,256.0,"{'01000': 4, '00000': 119, '01100': 125, '11110': 1, '01101': 2, '00100': 1, '00010': 1, '11100': 1, '01110': 1, '00001': 1}","{'01000': 4, '00000': 119, '01100': 125, '11110': 1, '01101': 2, '00100': 1, '00010': 1, '11100': 1, '01110': 1, '00001': 1}",False,,,,,
raw,q2-q3,27,"X+,Z-->YY",0.9296875,256.0,"{'01100': 123, '01000': 4, '00000': 119, '00100': 5, '01110': 2, '00010': 2, '00001': 1}","{'01100': 123, '01000': 4, '00000': 119, '00100': 5, '01110': 2, '00010': 2, '00001': 1}",False,,,,,
raw,q2-q3,28,"Y+,Z-->XY",-0.9609375,256.0,"{'00000': 2, '01000': 128, '00100': 116, '01001': 2, '00110': 2, '01100': 3, '10100': 1, '00101': 2}","{'00000': 2, '01000': 128, '00100': 116, '01001': 2, '00110': 2, '01100': 3, '10100': 1, '00101': 2}",False,,,,,
raw,q2-q3,29,"Z-,Z-->ZZ",-0.9375,256.0,"{'00100': 245, '00110': 3, '01100': 5, '00000': 2, '00010': 1}","{'00100': 245, '00110': 3, '01100': 5, '00000': 2, '00010': 1}",False,,,,,
raw,q2-q3,30,"Z-,Z+->IZ",-0.9609375,256.0,"{'01100': 247, '01101': 2, '00100': 4, '00000': 1, '11100': 1, '01110': 1}","{'01100': 247, '01101': 2, '00100': 4, '00000': 1, '11100': 1, '01110': 1}",False,,,,,
raw,q2-q3,31,"Z+,Z-->IZ",-0.984375,256.0,"{'00000': 2, '01000': 249, '01001': 1, '01010': 3, '01100': 1}","{'00000': 2, '01000': 249, '01001': 1, '01010': 3, '01100': 1}",False,,,,,
raw,q2-q3,32,"Z+,Z-->ZZ",-0.9921875,256.0,"{'00000': 1, '01000': 252, '01010': 3}","{'00000': 1, '01000': 252, '01010': 3}",False,,,,,
raw,q2-q3,33,"Z+,X+->IX",0.9765625,256.0,"{'01000': 3, '00000': 243, '00100': 2, '00010': 5, '00001': 3}","{'01000': 3, '00000': 243, '00100': 2, '00010': 5, '00001': 3}",False,,,,,
raw,q2-q3,34,"Z+,X+->ZX",0.9609375,256.0,"{'00010': 3, '01000': 4, '00000': 246, '00001': 2, '00100': 1}","{'00010': 3, '01000': 4, '00000': 246, '00001': 2, '00100': 1}",False,,,,,
raw,q2-q3,35,"X+,X+->IX",0.96875,256.0,"{'00100': 121, '01000': 1, '00000': 125, '01100': 3, '00010': 1, '00001': 3, '00101': 1, '00110': 1}","{'00100': 121, '01000': 1, '00000': 125, '01100': 3, '00010': 1, '00001': 3, '00101': 1, '00110': 1}",False,,,,,
raw,q2-q3,36,"Y+,X+->IX",0.9921875,256.0,"{'01000': 1, '00000': 137, '00100': 111, '00010': 3, '00001': 2, '10000': 1, '00101': 1}","{'01000': 1, '00000': 137, '00100': 111, '00010': 3, '00001': 2, '10000': 1, '00101': 1}",False,,,,,
raw,q2-q3,37,"Z-,X+->IX",0.953125,256.0,"{'00100': 242, '00101': 1, '10100': 2, '00110': 3, '01100': 6, '00000': 2}","{'00100': 242, '00101': 1, '10100': 2, '00110': 3, '01100': 6, '00000': 2}",False,,,,,
raw,q2-q3,38,"X+,Z-->ZZ",-0.90625,256.0,"{'00000': 6, '01000': 113, '00100': 125, '01100': 6, '01010': 1, '01001': 3, '00110': 1, '00101': 1}","{'00000': 6, '01000': 113, '00100': 125, '01100': 6, '01010': 1, '01001': 3, '00110': 1, '00101': 1}",False,,,,,
raw,q2-q3,39,"Y+,Z-->ZZ",-0.9453125,256.0,"{'01100': 5, '00000': 2, '01000': 132, '00100': 109, '00101': 3, '01001': 1, '01010': 1, '00110': 3}","{'01100': 5, '00000': 2, '01000': 132, '00100': 109, '00101': 3, '01001': 1, '01010': 1, '00110': 3}",False,,,,,
raw,q2-q3,40,"X+,Z+->ZZ",0.9296875,256.0,"{'01100': 114, '11100': 2, '00010': 2, '01000': 4, '00000': 126, '01110': 2, '01101': 1, '00100': 3, '01001': 2}","{'01100': 114, '11100': 2, '00010': 2, '01000': 4, '00000': 126, '01110': 2, '01101': 1, '00100': 3, '01001': 2}",False,,,,,
raw,q2-q3,41,"Y+,Z+->ZZ",0.953125,256.0,"{'01000': 2, '00000': 120, '01100': 124, '01101': 2, '00100': 4, '00001': 2, '01110': 1, '00010': 1}","{'01000': 2, '00000': 120, '01100': 124, '01101': 2, '00100': 4, '00001': 2, '01110': 1, '00010': 1}",False,,,,,
raw,q2-q3,42,"Z-,Z-->IZ",0.9375,256.0,"{'00100': 240, '01100': 8, '00001': 1, '00101': 2, '00110': 4, '00000': 1}","{'00100': 240, '01100': 8, '00001': 1, '00101': 2, '00110': 4, '00000': 1}",False,,,,,
raw,q2-q3,43,"Z+,Z+->IZ",0.9453125,256.0,"{'01000': 7, '00000': 241, '10000': 1, '00001': 3, '00010': 3, '00100': 1}","{'01000': 7, '00000': 241, '10000': 1, '00001': 3, '00010': 3, '00100': 1}",False,,,,,
raw,q2-q3,44,"Z+,Z+->ZZ",0.921875,256.0,"{'01000': 8, '00000': 242, '00001': 2, '00100': 2, '00010': 2}","{'01000': 8, '00000': 242, '00001': 2, '00100': 2, '00010': 2}",False,,,,,
raw,q2-q3,45,"Z-,Z-->ZI",-1.0,256.0,"{'00100': 246, '00110': 2, '01100': 6, '00101': 1, '10100': 1}","{'00100': 246, '00110': 2, '01100': 6, '00101': 1, '10100': 1}",False,,,,,
raw,q2-q3,46,"Z-,X+->ZI",-0.984375,256.0,"{'01100': 124, '01101': 4, '00100': 120, '00110': 2, '00101': 3, '01110': 1, '01000': 1, '00000': 1}","{'01100': 124, '01101': 4, '00100': 120, '00110': 2, '00101': 3, '01110': 1, '01000': 1, '00000': 1}",False,,,,,
raw,q2-q3,47,"Z-,Z+->ZI",-0.9921875,256.0,"{'01100': 238, '00101': 1, '01110': 6, '00100': 4, '01101': 4, '11100': 2, '01000': 1}","{'01100': 238, '00101': 1, '01110': 6, '00100': 4, '01101': 4, '11100': 2, '01000': 1}",False,,,,,
raw,q2-q3,48,"Z+,Y+->ZZ",-0.0078125,256.0,"{'00000': 123, '01000': 124, '00010': 2, '00100': 1, '01010': 2, '01001': 1, '11000': 1, '10000': 1, '00001': 1}","{'00000': 123, '01000': 124, '00010': 2, '00100': 1, '01010': 2, '01001': 1, '11000': 1, '10000': 1, '00001': 1}",False,,,,,
raw,q2-q3,49,"X+,Y+->IZ",0.1015625,256.0,"{'01100': 62, '01101': 1, '00100': 80, '00000': 58, '01000': 49, '00010': 1, '01010': 1, '01001': 1, '00101': 2, '01110': 1}","{'01100': 62, '01101': 1, '00100': 80, '00000': 58, '01000': 49, '00010': 1, '01010': 1, '01001': 1, '00101': 2, '01110': 1}",False,,,,,
raw,q2-q3,50,"Y+,Y+->IZ",-0.03125,256.0,"{'01100': 71, '00100': 61, '00101': 2, '01000': 60, '00000': 58, '00010': 2, '01001': 1, '00001': 1}","{'01100': 71, '00100': 61, '00101': 2, '01000': 60, '00000': 58, '00010': 2, '01001': 1, '00001': 1}",False,,,,,
raw,q2-q3,51,"Y+,Z-->YY",0.015625,256.0,"{'01100': 57, '00000': 71, '01000': 63, '01101': 1, '00100': 60, '01010': 1, '00001': 1, '00110': 1, '00101': 1}","{'01100': 57, '00000': 71, '01000': 63, '01101': 1, '00100': 60, '01010': 1, '00001': 1, '00110': 1, '00101': 1}",False,,,,,
raw,q2-q3,52,"X+,Z-->YX",-0.0078125,256.0,"{'01100': 59, '00110': 3, '00000': 67, '01000': 62, '00100': 62, '01110': 1, '01010': 1, '11000': 1}","{'01100': 59, '00110': 3, '00000': 67, '01000': 62, '00100': 62, '01110': 1, '01010': 1, '11000': 1}",False,,,,,
raw,q2-q3,53,"Y+,Z-->XX",-0.078125,256.0,"{'00000': 66, '01000': 68, '00100': 65, '01100': 49, '00101': 2, '10100': 1, '01110': 3, '01010': 2}","{'00000': 66, '01000': 68, '00100': 65, '01100': 49, '00101': 2, '10100': 1, '01110': 3, '01010': 2}",False,,,,,
raw,q2-q3,54,"X+,X+->YX",-0.0078125,256.0,"{'00100': 125, '00000': 123, '00110': 3, '00001': 1, '00101': 1, '01100': 3}","{'00100': 125, '00000': 123, '00110': 3, '00001': 1, '00101': 1, '01100': 3}",False,,,,,
raw,q2-q3,55,"Y+,X+->XX",-0.0625,256.0,"{'01000': 4, '00000': 114, '00100': 128, '10100': 1, '00101': 2, '00010': 2, '00110': 1, '00001': 2, '01100': 2}","{'01000': 4, '00000': 114, '00100': 128, '10100': 1, '00101': 2, '00010': 2, '00110': 1, '00001': 2, '01100': 2}",False,,,,,
raw,q2-q3,56,"Z-,Y+->IZ",-0.1328125,256.0,"{'00100': 107, '00101': 2, '01110': 3, '01100': 141, '00000': 1, '01000': 1, '00110': 1}","{'00100': 107, '00101': 2, '01110': 3, '01100': 141, '00000': 1, '01000': 1, '00110': 1}",False,,,,,
raw,q2-q3,57,"Y+,Z+->YY",-0.015625,256.0,"{'01100': 62, '01000': 64, '00000': 59, '10000': 1, '01010': 1, '01101': 3, '00100': 65, '00010': 1}","{'01100': 62, '01000': 64, '00000': 59, '10000': 1, '01010': 1, '01101': 3, '00100': 65, '00010': 1}",False,,,,,
raw,q2-q3,58,"X+,X+->YI",0.0,256.0,"{'01100': 68, '00000': 67, '01000': 59, '01101': 2, '00100': 54, '01010': 1, '10100': 1, '00101': 1, '01110': 2, '00010': 1}","{'01100': 68, '00000': 67, '01000': 59, '01101': 2, '00100': 54, '01010': 1, '10100': 1, '00101': 1, '01110': 2, '00010': 1}",False,,,,,
raw,q2-q3,59,"Y+,X+->XI",-0.1484375,256.0,"{'01000': 47, '00000': 61, '01100': 71, '01101': 3, '00100': 69, '00101': 2, '01110': 2, '01011': 1}","{'01000': 47, '00000': 61, '01100': 71, '01101': 3, '00100': 69, '00101': 2, '01110': 2, '01011': 1}",False,,,,,
raw,q2-q3,60,"Z-,Y+->ZZ",0.0546875,256.0,"{'01100': 130, '01101': 1, '00100': 120, '00110': 1, '00000': 3, '01110': 1}","{'01100': 130, '01101': 1, '00100': 120, '00110': 1, '00000': 3, '01110': 1}",False,,,,,
raw,q2-q3,61,"Z+,X+->IY",-0.03125,256.0,"{'01000': 129, '00000': 120, '01100': 2, '00010': 3, '01010': 1, '00001': 1}","{'01000': 129, '00000': 120, '01100': 2, '00010': 3, '01010': 1, '00001': 1}",False,,,,,
raw,q2-q3,62,"Z+,X+->ZY",-0.0078125,256.0,"{'01000': 122, '00000': 118, '00010': 3, '01100': 4, '01001': 2, '01010': 4, '00001': 1, '00100': 1, '10000': 1}","{'01000': 122, '00000': 118, '00010': 3, '01100': 4, '01001': 2, '01010': 4, '00001': 1, '00100': 1, '10000': 1}",False,,,,,
raw,q2-q3,63,"Z+,Y+->IX",-0.0546875,256.0,"{'00000': 118, '01000': 133, '00001': 1, '01010': 2, '00010': 2}","{'00000': 118, '01000': 133, '00001': 1, '01010': 2, '00010': 2}",False,,,,,
raw,q2-q3,64,"Z+,Y+->ZX",-0.015625,256.0,"{'01000': 126, '00000': 123, '11000': 1, '01010': 1, '01100': 1, '00010': 2, '00100': 2}","{'01000': 126, '00000': 123, '11000': 1, '01010': 1, '01100': 1, '00010': 2, '00100': 2}",False,,,,,
raw,q2-q3,65,"X+,Z+->YX",0.0234375,256.0,"{'01000': 74, '00000': 68, '01100': 62, '00100': 47, '01110': 1, '00101': 2, '10100': 1, '11000': 1}","{'01000': 74, '00000': 68, '01100': 62, '00100': 47, '01110': 1, '00101': 2, '10100': 1, '11000': 1}",False,,,,,
raw,q2-q3,66,"Y+,Z+->XX",0.0703125,256.0,"{'00010': 1, '00000': 73, '01000': 64, '01100': 59, '00100': 53, '01010': 1, '00001': 1, '00101': 1, '01110': 1, '01101': 1, '11100': 1}","{'00010': 1, '00000': 73, '01000': 64, '01100': 59, '00100': 53, '01010': 1, '00001': 1, '00101': 1, '01110': 1, '01101': 1, '11100': 1}",False,,,,,
raw,q2-q3,67,"Z-,X+->ZY",0.046875,256.0,"{'01100': 128, '01101': 2, '00100': 117, '00101': 3, '01110': 4, '01000': 2}","{'01100': 128, '01101': 2, '00100': 117, '00101': 3, '01110': 4, '01000': 2}",False,,,,,
raw,q2-q3,68,"Z-,X+->IY",-0.1484375,256.0,"{'01100': 141, '01101': 2, '00100': 107, '00101': 2, '01110': 2, '11100': 2}","{'01100': 141, '01101': 2, '00100': 107, '00101': 2, '01110': 2, '11100': 2}",False,,,,,
raw,q2-q3,69,"Z-,Y+->ZX",-0.0390625,256.0,"{'01100': 121, '01101': 1, '00100': 131, '01000': 1, '00000': 1, '00110': 1}","{'01100': 121, '01101': 1, '00100': 131, '01000': 1, '00000': 1, '00110': 1}",False,,,,,
raw,q2-q3,70,"Z-,Y+->IX",-0.0078125,256.0,"{'01101': 1, '00100': 125, '01100': 126, '00110': 1, '01110': 2, '00101': 1}","{'01101': 1, '00100': 125, '01100': 126, '00110': 1, '01110': 2, '00101': 1}",False,,,,,
raw,q2-q3,71,"X+,X+->ZI",-0.03125,256.0,"{'01100': 75, '00100': 55, '00000': 57, '01000': 61, '00010': 3, '01001': 2, '01010': 1, '00101': 1, '01101': 1}","{'01100': 75, '00100': 55, '00000': 57, '01000': 61, '00010': 3, '01001': 2, '01010': 1, '00101': 1, '01101': 1}",False,,,,,
raw,q2-q3,72,"Y+,X+->ZI",0.0234375,256.0,"{'01000': 55, '00000': 74, '01100': 66, '01101': 1, '00100': 58, '01001': 1, '01010': 1}","{'01000': 55, '00000': 74, '01100': 66, '01101': 1, '00100': 58, '01001': 1, '01010': 1}",False,,,,,
raw,q2-q3,73,"X+,Z-->ZI",0.0234375,256.0,"{'00000': 1, '01000': 127, '00100': 121, '01010': 1, '01001': 2, '01100': 3, '00101': 1}","{'00000': 1, '01000': 127, '00100': 121, '01010': 1, '01001': 2, '01100': 3, '00101': 1}",False,,,,,
raw,q2-q3,74,"X+,Y+->ZI",0.0078125,256.0,"{'00000': 73, '01000': 50, '01100': 63, '01101': 1, '00100': 61, '00110': 1, '01001': 2, '00001': 1, '11000': 1, '01010': 1, '01110': 1, '00010': 1}","{'00000': 73, '01000': 50, '01100': 63, '01101': 1, '00100': 61, '00110': 1, '01001': 2, '00001': 1, '11000': 1, '01010': 1, '01110': 1, '00010': 1}",False,,,,,
raw,q2-q3,75,"Y+,Z-->ZI",0.0,256.0,"{'00000': 4, '01000': 117, '00100': 122, '01100': 2, '01010': 5, '01001': 2, '00101': 2, '00110': 2}","{'00000': 4, '01000': 117, '00100': 122, '01100': 2, '01010': 5, '01001': 2, '00101': 2, '00110': 2}",False,,,,,
raw,q2-q3,76,"Y+,Y+->ZI",-0.0546875,256.0,"{'01100': 78, '01000': 58, '00000': 59, '11110': 1, '01101': 1, '00100': 55, '01001': 1, '00010': 1, '01010': 1, '10000': 1}","{'01100': 78, '01000': 58, '00000': 59, '11110': 1, '01101': 1, '00100': 55, '01001': 1, '00010': 1, '01010': 1, '10000': 1}",False,,,,,
raw,q2-q3,77,"X+,Z+->ZI",0.0703125,256.0,"{'01000': 2, '00000': 133, '01100': 115, '00100': 2, '01101': 1, '00001': 2, '01110': 1}","{'01000': 2, '00000': 133, '01100': 115, '00100': 2, '01101': 1, '00001': 2, '01110': 1}",False,,,,,
raw,q2-q3,78,"Y+,Z+->ZI",0.09375,256.0,"{'01000': 7, '00000': 131, '01100': 109, '01101': 1, '00100': 4, '01110': 2, '00001': 1, '00010': 1}","{'01000': 7, '00000': 131, '01100': 109, '01101': 1, '00100': 4, '01110': 2, '00001': 1, '00010': 1}",False,,,,,
raw,q2-q3,79,"Z+,X+->IZ",-0.0703125,256.0,"{'01000': 133, '00000': 118, '01001': 2, '11000': 1, '00001': 1, '01100': 1}","{'01000': 133, '00000': 118, '01001': 2, '11000': 1, '00001': 1, '01100': 1}",False,,,,,
raw,q3-q4,0,"Z-,Y+->ZY",0.9609375,256.0,"{'10000': 4, '11000': 244, '01000': 1, '11010': 6, '11100': 1}","{'10000': 4, '11000': 244, '01000': 1, '11010': 6, '11100': 1}",False,,,,,
raw,q3-q4,1,"X+,X+->XI",0.96875,256.0,"{'01000': 1, '00000': 129, '11000': 3, '00001': 2, '10000': 117, '10100': 1, '00010': 2, '00100': 1}","{'01000': 1, '00000': 129, '11000': 3, '00001': 2, '10000': 117, '10100': 1, '00010': 2, '00100': 1}",False,,,,,
raw,q3-q4,2,"Z-,Z+->ZZ",0.9453125,256.0,"{'10000': 7, '11000': 242, '11001': 2, '11010': 3, '11100': 2}","{'10000': 7, '11000': 242, '11001': 2, '11010': 3, '11100': 2}",False,,,,,
raw,q3-q4,3,"X+,Z+->YY",-0.9765625,256.0,"{'01010': 1, '01001': 2, '10000': 114, '10001': 1, '00000': 3, '01000': 135}","{'01010': 1, '01001': 2, '10000': 114, '10001': 1, '00000': 3, '01000': 135}",False,,,,,
raw,q3-q4,4,"X+,Y+->YZ",0.953125,256.0,"{'11010': 1, '11001': 1, '01000': 3, '00000': 130, '10000': 3, '00001': 1, '11000': 115, '00010': 2}","{'11010': 1, '11001': 1, '01000': 3, '00000': 130, '10000': 3, '00001': 1, '11000': 115, '00010': 2}",False,,,,,
raw,q3-q4,5,"Z-,Y+->ZI",-0.953125,256.0,"{'10000': 4, '01010': 2, '11000': 106, '00000': 2, '11010': 3, '01000': 139}","{'10000': 4, '01010': 2, '11000': 106, '00000': 2, '11010': 3, '01000': 139}",False,,,,,
raw,q3-q4,6,"X+,Z+->XY",-0.03125,256.0,"{'00000': 53, '11001': 2, '01000': 62, '01001': 2, '11000': 64, '10000': 66, '00010': 2, '10010': 1, '11010': 3, '10001': 1}","{'00000': 53, '11001': 2, '01000': 62, '01001': 2, '11000': 64, '10000': 66, '00010': 2, '10010': 1, '11010': 3, '10001': 1}",False,,,,,
raw,q3-q4,7,"X+,Z-->XY",0.0390625,256.0,"{'01010': 1, '00001': 3, '11000': 67, '10000': 61, '01000': 57, '00000': 61, '10100': 1, '10010': 2, '11100': 1, '11010': 1, '10001': 1}","{'01010': 1, '00001': 3, '11000': 67, '10000': 61, '01000': 57, '00000': 61, '10100': 1, '10010': 2, '11100': 1, '11010': 1, '10001': 1}",False,,,,,
raw,q3-q4,8,"Z+,Y+->IZ",0.0234375,256.0,"{'10001': 3, '01000': 4, '00000': 121, '00001': 2, '11000': 5, '10000': 116, '00010': 4, '10010': 1}","{'10001': 3, '01000': 4, '00000': 121, '00001': 2, '11000': 5, '10000': 116, '00010': 4, '10010': 1}",False,,,,,
raw,q3-q4,9,"X+,X+->YZ",-0.109375,256.0,"{'11010': 1, '00000': 58, '01000': 84, '01010': 2, '11000': 53, '10000': 55, '10010': 1, '00101': 1, '11100': 1}","{'11010': 1, '00000': 58, '01000': 84, '01010': 2, '11000': 53, '10000': 55, '10010': 1, '00101': 1, '11100': 1}",False,,,,,
raw,q3-q4,10,"X+,Y+->ZY",0.9765625,256.0,"{'01000': 1, '11001': 5, '11010': 3, '00000': 97, '10000': 2, '00001': 5, '11000': 140, '00010': 2, '11100': 1}","{'01000': 1, '11001': 5, '11010': 3, '00000': 97, '10000': 2, '00001': 5, '11000': 140, '00010': 2, '11100': 1}",False,,,,,
raw,q3-q4,11,"Y+,Y+->ZY",0.953125,256.0,"{'10000': 2, '11000': 138, '11010': 1, '01000': 3, '00000': 109, '10100': 1, '00100': 1, '00010': 1}","{'10000': 2, '11000': 138, '11010': 1, '01000': 3, '00000': 109, '10100': 1, '00100': 1, '00010': 1}",False,,,,,
raw,q3-q4,12,"X+,Z+->XX",0.9453125,256.0,"{'11001': 1, '01000': 3, '00000': 125, '10000': 4, '11000': 121, '00010': 2}","{'11001': 1, '01000': 3, '00000': 125, '10000': 4, '11000': 121, '00010': 2}",False,,,,,
raw,q3-q4,13,"Y+,Z+->YX",0.96875,256.0,"{'00001': 1, '11000': 127, '11010': 4, '11001': 3, '01000': 4, '00000': 114, '00100': 3}","{'00001': 1, '11000': 127, '11010': 4, '11001': 3, '01000': 4, '00000': 114, '00100': 3}",False,,,,,
raw,q3-q4,14,"X+,Y+->XX",0.921875,256.0,"{'11001': 2, '01000': 5, '00000': 134, '01010': 1, '10000': 4, '11000': 107, '00010': 1, '00100': 1, '11010': 1}","{'11001': 2, '01000': 5, '00000': 134, '01010': 1, '10000': 4, '11000': 107, '00010': 1, '00100': 1, '11010': 1}",False,,,,,
raw,q3-q4,15,"Y+,Y+->YX",0.96875,256.0,"{'10000': 1, '00001': 1, '11000': 111, '11010': 2, '01000': 3, '00000': 138}","{'10000': 1, '00001': 1, '11000': 111, '11010': 2, '01000': 3, '00000': 138}",False,,,,,
raw,q3-q4,16,"X+,X+->XX",0.9609375,256.0,"{'01000': 5, '00000': 245, '00100': 2, '00010': 2, '00001': 2}","{'01000': 5, '00000': 245, '00100': 2, '00010': 2, '00001': 2}",False,,,,,
raw,q3-q4,17,"Y+,X+->YX",0.953125,256.0,"{'00010': 1, '01000': 3, '00000': 244, '10000': 1, '01010': 1, '00001': 4, '10010': 1, '00100': 1}","{'00010': 1, '01000': 3, '00000': 244, '10000': 1, '01010': 1, '00001': 4, '10010': 1, '00100': 1}",False,,,,,
raw,q3-q4,18,"X+,Z-->XX",0.921875,256.0,"{'00001': 2, '10000': 6, '11000': 116, '01000': 4, '11001': 2, '00000': 121, '00100': 3, '00010': 1, '11010': 1}","{'00001': 2, '10000': 6, '11000': 116, '01000': 4, '11001': 2, '00000': 121, '00100': 3, '00010': 1, '11010': 1}",False,,,,,
raw,q3-q4,19,"Y+,Z-->YX",0.9375,256.0,"{'10000': 7, '11000': 135, '01000': 1, '11010': 2, '11001': 2, '00000': 108, '00100': 1}","{'10000': 7, '11000': 135, '01000': 1, '11010': 2, '11001': 2, '00000': 108, '00100': 1}",False,,,,,
raw,q3-q4,20,"Y+,X+->YI",0.9765625,256.0,"{'11000': 1, '00001': 3, '10000': 143, '01000': 2, '00000': 99, '10010': 3, '00010': 2, '00100': 1, '10001': 1, '10100': 1}","{'11000': 1, '00001': 3, '10000': 143, '01000': 2, '00000': 99, '10010': 3, '00010': 2, '00100': 1, '10001': 1, '10100': 1}",False,,,,,
raw,q3-q4,21,"Z+,Y+->IY",0.9921875,256.0,"{'01000': 3, '00000': 245, '00010': 5, '10000': 1, '00001': 1, '00100': 1}","{'01000': 3, '00000': 245, '00010': 5, '10000': 1, '00001': 1, '00100': 1}",False,,,,,
raw,q3-q4,22,"Z+,Y+->ZY",0.953125,256.0,"{'01000': 5, '00000': 239, '10000': 1, '00001': 6, '00010': 5}","{'01000': 5, '00000': 239, '10000': 1, '00001': 6, '00010': 5}",False,,,,,
raw,q3-q4,23,"Z-,Y+->IY",-0.9765625,256.0,"{'10000': 3, '11000': 247, '11001': 1, '01000': 2, '11010': 1, '00000': 1, '11100': 1}","{'10000': 3, '11000': 247, '11001': 1, '01000': 2, '11010': 1, '00000': 1, '11100': 1}",False,,,,,
raw,q3-q4,24,"Z-,X+->ZX",-0.953125,256.0,"{'00000': 6, '01000': 241, '01010': 3, '10000': 2, '01001': 1, '01100': 3}","{'00000': 6, '01000': 241, '01010': 3, '10000': 2, '01001': 1, '01100': 3}",False,,,,,
raw,q3-q4,25,"Y+,Y+->XZ",-0.8984375,256.0,"{'00000': 2, '10001': 1, '01000': 121, '11000': 10, '10000': 119, '10010': 2, '00010': 1}","{'00000': 2, '10001': 1, '01000': 121, '11000': 10, '10000': 119, '10010': 2, '00010': 1}",False,,,,,
raw,q3-q4,26,"Y+,Z+->XY",0.96875,256.0,"{'10000': 2, '11000': 125, '11010': 1, '01000': 2, '00000': 118, '11100': 1, '00010': 2, '00100': 1, '11001': 1, '00001': 3}","{'10000': 2, '11000': 125, '11010': 1, '01000': 2, '00000': 118, '11100': 1, '00010': 2, '00100': 1, '11001': 1, '00001': 3}",False,,,,,
raw,q3-q4,27,"X+,Z-->YY",0.96875,256.0,"{'10000': 2, '11000': 121, '11001': 1, '01000': 2, '00000': 128, '00010': 1, '11100': 1}","{'10000': 2, '11000': 121, '11001': 1, '01000': 2, '00000': 128, '00010': 1, '11100': 1}",False,,,,,
raw,q3-q4,28,"Y+,Z-->XY",-0.96875,256.0,"{'01010': 1, '11000': 4, '10000': 115, '10001': 1, '01000': 133, '01100': 1, '10010': 1}","{'01010': 1, '11000': 4, '10000': 115, '10001': 1, '01000': 133, '01100': 1, '10010': 1}",False,,,,,
raw,q3-q4,29,"Z-,Z-->ZZ",-0.9765625,256.0,"{'00000': 3, '01000': 243, '01010': 5, '01001': 3, '01100': 2}","{'00000': 3, '01000': 243, '01010': 5, '01001': 3, '01100': 2}",False,,,,,
raw,q3-q4,30,"Z-,Z+->IZ",-1.0,256.0,"{'10000': 2, '11000': 251, '11001': 2, '11100': 1}","{'10000': 2, '11000': 251, '11001': 2, '11100': 1}",False,,,,,
raw,q3-q4,31,"Z+,Z-->IZ",-0.9921875,256.0,"{'11000': 5, '10000': 247, '10001': 1, '00000': 1, '10010': 2}","{'11000': 5, '10000': 247, '10001': 1, '00000': 1, '10010': 2}",False,,,,,
raw,q3-q4,32,"Z+,Z-->ZZ",-0.96875,256.0,"{'11000': 3, '10000': 248, '10001': 1, '00000': 1, '10100': 2, '10010': 1}","{'11000': 3, '10000': 248, '10001': 1, '00000': 1, '10100': 2, '10010': 1}",False,,,,,
raw,q3-q4,33,"Z+,X+->IX",0.9921875,256.0,"{'00000': 241, '01000': 8, '10000': 1, '00001': 2, '00010': 2, '00100': 2}","{'00000': 241, '01000': 8, '10000': 1, '00001': 2, '00010': 2, '00100': 2}",False,,,,,
raw,q3-q4,34,"Z+,X+->ZX",0.953125,256.0,"{'01000': 5, '00000': 243, '00010': 1, '10000': 1, '11000': 1, '00001': 2, '00100': 3}","{'01000': 5, '00000': 243, '00010': 1, '10000': 1, '11000': 1, '00001': 2, '00100': 3}",False,,,,,
raw,q3-q4,35,"X+,X+->IX",0.984375,256.0,"{'00010': 6, '11001': 1, '01000': 128, '00000': 115, '00001': 2, '01010': 1, '11000': 1, '00100': 2}","{'00010': 6, '11001': 1, '01000': 128, '00000': 115, '00001': 2, '01010': 1, '11000': 1, '00100': 2}",False,,,,,
raw,q3-q4,36,"Y+,X+->IX",0.9921875,256.0,"{'00000': 133, '01000': 118, '01010': 1, '11000': 1, '01001': 2, '00100': 1}","{'00000': 133, '01000': 118, '01010': 1, '11000': 1, '01001': 2, '00100': 1}",False,,,,,
raw,q3-q4,37,"Z-,X+->IX",1.0,256.0,"{'00000': 3, '01000': 246, '01001': 1, '01010': 6}","{'00000': 3, '01000': 246, '01001': 1, '01010': 6}",False,,,,,
raw,q3-q4,38,"X+,Z-->ZZ",-0.953125,256.0,"{'00000': 5, '01000': 129, '11000': 1, '01010': 1, '01001': 3, '10000': 115, '10010': 1, '10100': 1}","{'00000': 5, '01000': 129, '11000': 1, '01010': 1, '01001': 3, '10000': 115, '10010': 1, '10100': 1}",False,,,,,
raw,q3-q4,39,"Y+,Z-->ZZ",-0.9765625,256.0,"{'11000': 1, '01010': 4, '10000': 126, '10001': 3, '00000': 2, '01000': 117, '10010': 1, '10100': 1, '01001': 1}","{'11000': 1, '01010': 4, '10000': 126, '10001': 3, '00000': 2, '01000': 117, '10010': 1, '10100': 1, '01001': 1}",False,,,,,
raw,q3-q4,40,"X+,Z+->ZZ",0.9609375,256.0,"{'01000': 3, '11001': 2, '00000': 134, '10000': 1, '00001': 3, '11000': 108, '00100': 3, '00010': 1, '10100': 1}","{'01000': 3, '11001': 2, '00000': 134, '10000': 1, '00001': 3, '11000': 108, '00100': 3, '00010': 1, '10100': 1}",False,,,,,
raw,q3-q4,41,"Y+,Z+->ZZ",0.9453125,256.0,"{'11010': 2, '01000': 3, '00000': 125, '00001': 4, '10000': 4, '11000': 116, '00010': 2}","{'11010': 2, '01000': 3, '00000': 125, '00001': 4, '10000': 4, '11000': 116, '00010': 2}",False,,,,,
raw,q3-q4,42,"Z-,Z-->IZ",0.9921875,256.0,"{'00000': 5, '01000': 241, '01001': 4, '01010': 4, '11000': 1, '01100': 1}","{'00000': 5, '01000': 241, '01001': 4, '01010': 4, '11000': 1, '01100': 1}",False,,,,,
raw,q3-q4,43,"Z+,Z+->IZ",1.0,256.0,"{'01000': 6, '00000': 243, '00100': 2, '00010': 4, '00001': 1}","{'01000': 6, '00000': 243, '00100': 2, '00010': 4, '00001': 1}",False,,,,,
raw,q3-q4,44,"Z+,Z+->ZZ",0.9609375,256.0,"{'01000': 4, '00000': 244, '00010': 3, '00100': 2, '01001': 1, '00001': 2}","{'01000': 4, '00000': 244, '00010': 3, '00100': 2, '01001': 1, '00001': 2}",False,,,,,
raw,q3-q4,45,"Z-,Z-->ZI",-0.9765625,256.0,"{'00000': 3, '01000': 243, '01100': 3, '11000': 1, '01010': 4, '01001': 2}","{'00000': 3, '01000': 243, '01100': 3, '11000': 1, '01010': 4, '01001': 2}",False,,,,,
raw,q3-q4,46,"Z-,X+->ZI",-0.96875,256.0,"{'00000': 1, '11010': 4, '01000': 119, '11001': 2, '10000': 3, '11000': 125, '11100': 1, '01100': 1}","{'00000': 1, '11010': 4, '01000': 119, '11001': 2, '10000': 3, '11000': 125, '11100': 1, '01100': 1}",False,,,,,
raw,q3-q4,47,"Z-,Z+->ZI",-0.9453125,256.0,"{'10000': 7, '11000': 247, '11010': 1, '11001': 1}","{'10000': 7, '11000': 247, '11010': 1, '11001': 1}",False,,,,,
raw,q3-q4,48,"Z+,Y+->ZZ",-0.09375,256.0,"{'01000': 1, '10001': 1, '00000': 108, '00001': 1, '11000': 6, '10000': 138, '00010': 1}","{'01000': 1, '10001': 1, '00000': 108, '00001': 1, '11000': 6, '10000': 138, '00010': 1}",False,,,,,
raw,q3-q4,49,"X+,Y+->IZ",0.078125,256.0,"{'11001': 1, '11010': 2, '00000': 70, '01000': 65, '10000': 59, '11000': 55, '00100': 1, '01100': 1, '10001': 1, '00001': 1}","{'11001': 1, '11010': 2, '00000': 70, '01000': 65, '10000': 59, '11000': 55, '00100': 1, '01100': 1, '10001': 1, '00001': 1}",False,,,,,
raw,q3-q4,50,"Y+,Y+->IZ",0.0859375,256.0,"{'11001': 1, '01000': 61, '00000': 76, '00001': 2, '11000': 59, '10000': 56, '10010': 1}","{'11001': 1, '01000': 61, '00000': 76, '00001': 2, '11000': 59, '10000': 56, '10010': 1}",False,,,,,
raw,q3-q4,51,"Y+,Z-->YY",0.078125,256.0,"{'10001': 1, '00000': 66, '01000': 53, '01001': 2, '00001': 1, '10000': 59, '11000': 71, '10010': 2, '01010': 1}","{'10001': 1, '00000': 66, '01000': 53, '01001': 2, '00001': 1, '10000': 59, '11000': 71, '10010': 2, '01010': 1}",False,,,,,
raw,q3-q4,52,"X+,Z-->YX",0.046875,256.0,"{'10001': 3, '11001': 1, '00000': 67, '11010': 2, '01000': 64, '11000': 61, '10000': 55, '00010': 2, '00001': 1}","{'10001': 3, '11001': 1, '00000': 67, '11010': 2, '01000': 64, '11000': 61, '10000': 55, '00010': 2, '00001': 1}",False,,,,,
raw,q3-q4,53,"Y+,Z-->XX",0.0,256.0,"{'01000': 58, '00000': 63, '01010': 2, '11000': 64, '10000': 66, '10100': 2, '00010': 1}","{'01000': 58, '00000': 63, '01010': 2, '11000': 64, '10000': 66, '10100': 2, '00010': 1}",False,,,,,
raw,q3-q4,54,"X+,X+->YX",-0.0859375,256.0,"{'01000': 135, '00000': 115, '01010': 4, '00010': 1, '00100': 1}","{'01000': 135, '00000': 115, '01010': 4, '00010': 1, '00100': 1}",False,,,,,
raw,q3-q4,55,"Y+,X+->XX",0.0546875,256.0,"{'01000': 117, '00000': 134, '01001': 2, '00100': 1, '01100': 2}","{'01000': 117, '00000': 134, '01001': 2, '00100': 1, '01100': 2}",False,,,,,
raw,q3-q4,56,"Z-,Y+->IZ",-0.109375,256.0,"{'10000': 5, '01010': 2, '11000': 134, '11010': 1, '00000': 2, '11001': 2, '01000': 109, '01100': 1}","{'10000': 5, '01010': 2, '11000': 134, '11010': 1, '00000': 2, '11001': 2, '01000': 109, '01100': 1}",False,,,,,
raw,q3-q4,57,"Y+,Z+->YY",0.0,256.0,"{'01001': 2, '00001': 1, '11000': 58, '10000': 65, '11010': 3, '01000': 60, '00000': 64, '10010': 1, '11100': 1, '11001': 1}","{'01001': 2, '00001': 1, '11000': 58, '10000': 65, '11010': 3, '01000': 60, '00000': 64, '10010': 1, '11100': 1, '11001': 1}",False,,,,,
raw,q3-q4,58,"X+,X+->YI",-0.03125,256.0,"{'11001': 1, '11010': 1, '00000': 68, '01000': 59, '00001': 1, '10000': 53, '11000': 70, '01100': 1, '10010': 1, '10001': 1}","{'11001': 1, '11010': 1, '00000': 68, '01000': 59, '00001': 1, '10000': 53, '11000': 70, '01100': 1, '10010': 1, '10001': 1}",False,,,,,
raw,q3-q4,59,"Y+,X+->XI",-0.015625,256.0,"{'01000': 64, '00000': 56, '00001': 1, '01010': 1, '10000': 67, '11000': 64, '10010': 1, '10100': 1, '01100': 1}","{'01000': 64, '00000': 56, '00001': 1, '01010': 1, '10000': 67, '11000': 64, '10010': 1, '10100': 1, '01100': 1}",False,,,,,
raw,q3-q4,60,"Z-,Y+->ZZ",-0.0234375,256.0,"{'01001': 1, '10000': 1, '01010': 4, '11000': 118, '00000': 4, '01000': 125, '11100': 1, '00010': 1, '11010': 1}","{'01001': 1, '10000': 1, '01010': 4, '11000': 118, '00000': 4, '01000': 125, '11100': 1, '00010': 1, '11010': 1}",False,,,,,
raw,q3-q4,61,"Z+,X+->IY",0.1640625,256.0,"{'00001': 1, '11000': 3, '10000': 100, '10001': 3, '01000': 1, '00000': 143, '00100': 2, '10010': 1, '00010': 2}","{'00001': 1, '11000': 3, '10000': 100, '10001': 3, '01000': 1, '00000': 143, '00100': 2, '10010': 1, '00010': 2}",False,,,,,
raw,q3-q4,62,"Z+,X+->ZY",-0.03125,256.0,"{'11000': 3, '00001': 1, '10000': 124, '10001': 3, '01000': 2, '00000': 120, '10010': 3}","{'11000': 3, '00001': 1, '10000': 124, '10001': 3, '01000': 2, '00000': 120, '10010': 3}",False,,,,,
raw,q3-q4,63,"Z+,Y+->IX",-0.03125,256.0,"{'11000': 1, '10000': 128, '10001': 1, '01000': 1, '00000': 123, '10100': 1, '10010': 1}","{'11000': 1, '10000': 128, '10001': 1, '01000': 1, '00000': 123, '10100': 1, '10010': 1}",False,,,,,
raw,q3-q4,64,"Z+,Y+->ZX",0.015625,256.0,"{'11000': 1, '00001': 3, '10000': 119, '01000': 3, '10001': 2, '00000': 125, '10010': 2, '00010': 1}","{'11000': 1, '00001': 3, '10000': 119, '01000': 3, '10001': 2, '00000': 125, '10010': 2, '00010': 1}",False,,,,,
raw,q3-q4,65,"X+,Z+->YX",-0.1328125,256.0,"{'11001': 1, '11010': 3, '01000': 68, '00000': 55, '00001': 2, '11000': 49, '10000': 76, '01100': 1, '00100': 1}","{'11001': 1, '11010': 3, '01000': 68, '00000': 55, '00001': 2, '11000': 49, '10000': 76, '01100': 1, '00100': 1}",False,,,,,
raw,q3-q4,66,"Y+,Z+->XX",-0.0703125,256.0,"{'01010': 1, '11000': 61, '10000': 71, '00000': 53, '01000': 60, '00010': 4, '01100': 2, '10010': 1, '00100': 1, '01001': 1, '10001': 1}","{'01010': 1, '11000': 61, '10000': 71, '00000': 53, '01000': 60, '00010': 4, '01100': 2, '10010': 1, '00100': 1, '01001': 1, '10001': 1}",False,,,,,
raw,q3-q4,67,"Z-,X+->ZY",0.046875,256.0,"{'00000': 2, '11010': 4, '01000': 112, '01001': 1, '10000': 8, '01010': 1, '11000': 127, '11100': 1}","{'00000': 2, '11010': 4, '01000': 112, '01001': 1, '10000': 8, '01010': 1, '11000': 127, '11100': 1}",False,,,,,
raw,q3-q4,68,"Z-,X+->IY",0.09375,256.0,"{'01010': 1, '10000': 4, '01001': 1, '11000': 109, '11001': 1, '00000': 1, '01000': 137, '11100': 2}","{'01010': 1, '10000': 4, '01001': 1, '11000': 109, '11001': 1, '00000': 1, '01000': 137, '11100': 2}",False,,,,,
raw,q3-q4,69,"Z-,Y+->ZX",-0.171875,256.0,"{'01010': 3, '10000': 4, '11000': 103, '11010': 1, '00000': 2, '01000': 143}","{'01010': 3, '10000': 4, '11000': 103, '11010': 1, '00000': 2, '01000': 143}",False,,,,,
raw,q3-q4,70,"Z-,Y+->IX",-0.0859375,256.0,"{'01010': 3, '11000': 132, '00000': 5, '11001': 2, '11010': 3, '01000': 105, '01100': 2, '11100': 2, '01001': 2}","{'01010': 3, '11000': 132, '00000': 5, '11001': 2, '11010': 3, '01000': 105, '01100': 2, '11100': 2, '01001': 2}",False,,,,,
raw,q3-q4,71,"X+,X+->ZI",0.0,256.0,"{'10000': 63, '11000': 67, '01000': 61, '00000': 65}","{'10000': 63, '11000': 67, '01000': 61, '00000': 65}",False,,,,,
raw,q3-q4,72,"Y+,X+->ZI",-0.0859375,256.0,"{'01001': 2, '00001': 2, '11000': 72, '10000': 61, '11010': 1, '01000': 61, '00000': 49, '00010': 2, '11001': 1, '10010': 2, '01100': 1, '00100': 1, '01010': 1}","{'01001': 2, '00001': 2, '11000': 72, '10000': 61, '11010': 1, '01000': 61, '00000': 49, '00010': 2, '11001': 1, '10010': 2, '01100': 1, '00100': 1, '01010': 1}",False,,,,,
raw,q3-q4,73,"X+,Z-->ZI",0.078125,256.0,"{'01010': 1, '01001': 1, '11000': 2, '10000': 131, '00000': 2, '10001': 1, '01000': 114, '10010': 4}","{'01010': 1, '01001': 1, '11000': 2, '10000': 131, '00000': 2, '10001': 1, '01000': 114, '10010': 4}",False,,,,,
raw,q3-q4,74,"X+,Y+->ZI",0.1328125,256.0,"{'01001': 2, '11000': 47, '10000': 75, '11010': 2, '00000': 67, '01000': 60, '10010': 1, '00010': 2}","{'01001': 2, '11000': 47, '10000': 75, '11010': 2, '00000': 67, '01000': 60, '10010': 1, '00010': 2}",False,,,,,
raw,q3-q4,75,"Y+,Z-->ZI",-0.078125,256.0,"{'00000': 2, '01000': 126, '11000': 3, '01010': 6, '01001': 2, '10000': 114, '01100': 1, '10100': 1, '10010': 1}","{'00000': 2, '01000': 126, '11000': 3, '01010': 6, '01001': 2, '10000': 114, '01100': 1, '10100': 1, '10010': 1}",False,,,,,
raw,q3-q4,76,"Y+,Y+->ZI",-0.0703125,256.0,"{'11010': 3, '01000': 69, '00000': 60, '11000': 61, '10000': 57, '11100': 2, '00010': 2, '01100': 1, '01001': 1}","{'11010': 3, '01000': 69, '00000': 60, '11000': 61, '10000': 57, '11100': 2, '00010': 2, '01100': 1, '01001': 1}",False,,,,,
raw,q3-q4,77,"X+,Z+->ZI",-0.03125,256.0,"{'11000': 124, '11001': 4, '01000': 2, '00000': 124, '11100': 2}","{'11000': 124, '11001': 4, '01000': 2, '00000': 124, '11100': 2}",False,,,,,
raw,q3-q4,78,"Y+,Z+->ZI",-0.0703125,256.0,"{'00001': 3, '11000': 131, '11001': 1, '11010': 1, '01000': 4, '00000': 111, '00010': 2, '00011': 1, '10000': 2}","{'00001': 3, '11000': 131, '11001': 1, '11010': 1, '01000': 4, '00000': 111, '00010': 2, '00011': 1, '10000': 2}",False,,,,,
raw,q3-q4,79,"Z+,X+->IZ",0.1484375,256.0,"{'11000': 4, '00001': 3, '10000': 103, '10001': 2, '01000': 3, '00000': 141}","{'11000': 4, '00001': 3, '10000': 103, '10001': 2, '01000': 3, '00000': 141}",False,,,,,
readout_mitigated,q0,0,X+->X,0.9920938419307619,256.0,"{'0': 0.9960469209653809, '1': 0.003953079034619065}","{'01000': 3, '00000': 248, '00001': 3, '00010': 2}",True,0.9999989960796841,0.0,1.00392031593486e-06,1.012503106745506,1.0158092326690087
readout_mitigated,q0,1,X+->Y,0.00395256117048004,256.0,"{'0': 0.50197628058524, '1': 0.49802371941476}","{'10001': 1, '01000': 1, '00000': 125, '01001': 2, '00001': 123, '00011': 1, '00101': 1, '00010': 2}",True,0.9999989999853771,0.0,1.0000146228872353e-06,1.012503106745506,1.0158092326690087
readout_mitigated,q0,2,X+->Z,0.09090899387738477,256.0,"{'0': 0.5454544969386924, '1': 0.45454550306130764}","{'01001': 1, '00001': 114, '00000': 137, '00010': 2, '00011': 2}",True,0.999998999641676,0.0,1.000358323954842e-06,1.012503106745506,1.0158092326690087
readout_mitigated,q0,3,X-->X,-0.9920938498358842,256.0,"{'0': 0.003953075082057912, '1': 0.9960469249179421}","{'01001': 5, '00001': 240, '00101': 5, '00011': 4, '00000': 1, '01000': 1}",True,0.9999990039223158,0.0,9.960776842796518e-07,1.012503106745506,1.0158092326690087
readout_mitigated,q0,4,X-->Y,-0.003952569075602208,256.0,"{'0': 0.49802371546219887, '1': 0.5019762845378011}","{'10001': 2, '00000': 119, '01010': 1, '01001': 3, '00001': 123, '00011': 1, '00010': 3, '00100': 1, '01000': 2, '11000': 1}",True,0.9999990000166227,0.0,9.999833772700306e-07,1.012503106745506,1.0158092326690087
readout_mitigated,q0,5,X-->Z,0.00395256117048004,256.0,"{'0': 0.50197628058524, '1': 0.49802371941476}","{'10001': 1, '01000': 1, '00000': 125, '01001': 1, '00001': 119, '00011': 5, '00101': 2, '00010': 1, '00100': 1}",True,0.9999989999853771,0.0,1.0000146228872353e-06,1.012503106745506,1.0158092326690087
readout_mitigated,q0,6,Y+->X,-0.003952569075602208,256.0,"{'0': 0.49802371546219887, '1': 0.5019762845378011}","{'01000': 1, '00000': 125, '01001': 1, '00001': 124, '00011': 3, '00101': 1, '00100': 1}",True,0.9999990000166227,0.0,9.999833772700306e-07,1.012503106745506,1.0158092326690087
readout_mitigated,q0,7,Y+->Y,0.9841887116846797,256.0,"{'0': 0.9920943558423398, '1': 0.007905644157660183}","{'01000': 2, '00000': 245, '10000': 1, '00001': 4, '00010': 4}",True,0.9999989961109297,0.0,1.003889070316788e-06,1.012503106745506,1.0158092326690087
readout_mitigated,q0,8,Y+->Z,-0.027667959813849008,256.0,"{'0': 0.48616602009307547, '1': 0.5138339799069245}","{'00001': 128, '01000': 1, '00000': 120, '00010': 1, '00100': 1, '01100': 1, '00011': 3, '00101': 1}",True,0.9999990001103594,0.0,9.998896406404612e-07,1.012503106745506,1.0158092326690087
readout_mitigated,q0,9,Y-->X,0.011857691416562288,256.0,"{'0': 0.5059288457082811, '1': 0.49407115429171883}","{'01001': 1, '00001': 125, '01000': 3, '00000': 125, '00101': 1, '00010': 1}",True,0.9999989999541317,0.0,1.0000458683379065e-06,1.012503106745506,1.0158092326690087
readout_mitigated,q0,10,Y-->Y,-0.9920938498358842,256.0,"{'0': 0.003953075082057912, '1': 0.9960469249179421}","{'01001': 4, '00001': 243, '10001': 1, '00000': 2, '00011': 3, '01011': 1, '00101': 2}",True,0.9999990039223158,0.0,9.960776842796518e-07,1.012503106745506,1.0158092326690087
readout_mitigated,q0,11,Y-->Z,0.043478212400891225,256.0,"{'0': 0.5217391062004456, '1': 0.4782608937995544}","{'10001': 1, '01000': 3, '00000': 127, '01001': 1, '00001': 117, '00101': 2, '00011': 2, '00010': 2, '00100': 1}",True,0.9999989998291494,0.0,1.0001708505846807e-06,1.012503106745506,1.0158092326690087
readout_mitigated,q0,12,Z+->X,-0.003952569075602208,256.0,"{'0': 0.49802371546219887, '1': 0.5019762845378011}","{'01000': 3, '00000': 122, '01001': 1, '00001': 123, '00010': 2, '00101': 2, '00011': 3}",True,0.9999990000166227,0.0,9.999833772700306e-07,1.012503106745506,1.0158092326690087
readout_mitigated,q0,13,Z+->Y,0.08300386363130263,256.0,"{'0': 0.5415019318156513, '1': 0.4584980681843487}","{'01000': 4, '00000': 132, '01001': 1, '00001': 113, '00100': 1, '00011': 2, '00010': 1, '00101': 1, '10001': 1}",True,0.9999989996729217,0.0,1.000327078282126e-06,1.012503106745506,1.0158092326690087
readout_mitigated,q0,14,Z+->Z,0.9841887116846797,256.0,"{'0': 0.9920943558423398, '1': 0.007905644157660183}","{'01000': 3, '00000': 243, '00100': 2, '00001': 4, '00010': 4}",True,0.9999989961109297,0.0,1.003889070316788e-06,1.012503106745506,1.0158092326690087
readout_mitigated,q0,15,Z-->X,0.09090899387738477,256.0,"{'0': 0.5454544969386924, '1': 0.45454550306130764}","{'01001': 2, '00001': 110, '10001': 1, '01000': 3, '00000': 133, '00011': 3, '00010': 2, '00100': 1, '00101': 1}",True,0.999998999641676,0.0,1.000358323954842e-06,1.012503106745506,1.0158092326690087
readout_mitigated,q0,16,Z-->Y,0.019762821662644592,256.0,"{'0': 0.5098814108313223, '1': 0.49011858916867773}","{'01001': 3, '00001': 119, '01000': 2, '00000': 127, '00011': 3, '00101': 1, '00010': 1}",True,0.9999989999228861,0.0,1.0000771139551112e-06,1.012503106745506,1.0158092326690087
readout_mitigated,q0,17,Z-->Z,-0.9683784590976374,256.0,"{'0': 0.01581077045118132, '1': 0.9841892295488187}","{'01001': 3, '00001': 242, '00101': 2, '00000': 4, '10001': 1, '00011': 3, '00010': 1}",True,0.9999990038285791,0.0,9.961714209083539e-07,1.012503106745506,1.0158092326690087
readout_mitigated,q1,0,X+->X,0.9919989677501944,256.0,"{'0': 0.9959994838750972, '1': 0.004000516124902825}","{'01000': 8, '00000': 241, '00010': 3, '00100': 2, '00001': 2}",True,0.9999990079369837,0.0,9.920630163473554e-07,1.025314453048712,1.0319989098046713
readout_mitigated,q1,1,X+->Y,-0.031999958443571674,256.0,"{'0': 0.4840000207782142, '1': 0.5159999792217859}","{'00010': 127, '01000': 1, '00000': 120, '00100': 1, '01010': 2, '00001': 3, '00011': 2}",True,0.9999989997450005,0.0,1.000254999494743e-06,1.025314453048712,1.0319989098046713
readout_mitigated,q1,2,X+->Z,-0.04799994166534921,256.0,"{'0': 0.47600002916732537, '1': 0.5239999708326746}","{'00010': 127, '01000': 1, '00000': 122, '01010': 5, '00011': 1}",True,0.9999989996170008,0.0,1.0003829991611646e-06,1.025314453048712,1.0319989098046713
readout_mitigated,q1,3,X-->X,-0.9839989601393386,256.0,"{'0': 0.008000519930330704, '1': 0.9919994800696693}","{'00010': 244, '00000': 6, '00011': 1, '01010': 3, '00110': 2}",True,0.9999989921290163,0.0,1.0078709837286343e-06,1.025314453048712,1.0319989098046713
readout_mitigated,q1,4,X-->Y,-0.22399975710490289,256.0,"{'0': 0.38800012144754853, '1': 0.6119998785524514}","{'00010': 148, '00000': 101, '01010': 4, '00011': 2, '00110': 1}",True,0.9999989982090038,0.0,1.0017909961579363e-06,1.025314453048712,1.0319989098046713
readout_mitigated,q1,5,X-->Z,0.06399994088709388,256.0,"{'0': 0.531999970443547, '1': 0.4680000295564531}","{'00010': 115, '01000': 3, '00000': 134, '00110': 1, '01010': 2, '00011': 1}",True,0.999999000512999,0.0,9.994870011076351e-07,1.025314453048712,1.0319989098046713
readout_mitigated,q1,6,Y+->X,0.03199997444353869,256.0,"{'0': 0.5159999872217693, '1': 0.4840000127782306}","{'00010': 122, '00000': 126, '01000': 2, '01010': 1, '00001': 4, '00100': 1}",True,0.9999990002569996,0.0,9.997430003849672e-07,1.025314453048712,1.0319989098046713
readout_mitigated,q1,7,Y+->Y,0.9919989677501944,256.0,"{'0': 0.9959994838750972, '1': 0.004000516124902825}","{'01000': 3, '00000': 247, '00010': 3, '00100': 2, '00001': 1}",True,0.9999990079369837,0.0,9.920630163473554e-07,1.025314453048712,1.0319989098046713
readout_mitigated,q1,8,Y+->Z,-0.015999975221794138,256.0,"{'0': 0.4920000123891029, '1': 0.507999987610897}","{'00010': 122, '01000': 2, '00000': 124, '10010': 1, '00011': 1, '00110': 1, '01010': 4, '00100': 1}",True,0.9999989998730003,0.0,1.0001269996617879e-06,1.025314453048712,1.0319989098046713
readout_mitigated,q1,9,Y-->X,-0.015999975221794138,256.0,"{'0': 0.4920000123891029, '1': 0.507999987610897}","{'00010': 122, '00000': 123, '00001': 3, '01010': 4, '01001': 1, '00110': 2, '00011': 1}",True,0.9999989998730003,0.0,1.0001269996617879e-06,1.025314453048712,1.0319989098046713
readout_mitigated,q1,10,Y-->Y,-1.0,256.0,"{'0': 0.0, '1': 1.0}","{'00010': 251, '00011': 2, '00110': 1, '01010': 1, '00000': 1}",True,0.9999989918090166,0.011999963192382796,0.023998918193782266,1.025314453048712,1.0319989098046713
readout_mitigated,q1,11,Y-->Z,-0.0399999500544605,256.0,"{'0': 0.4800000249727698, '1': 0.5199999750272303}","{'00010': 126, '01000': 2, '00000': 120, '00100': 1, '00110': 3, '00001': 1, '01010': 2, '00011': 1}",True,0.9999989996810006,0.0,1.0003189994112205e-06,1.025314453048712,1.0319989098046713
readout_mitigated,q1,12,Z+->X,-0.023999966832682906,256.0,"{'0': 0.48800001658365855, '1': 0.5119999834163415}","{'00010': 128, '01000': 1, '00000': 123, '01010': 1, '00001': 2, '00011': 1}",True,0.9999989998090004,0.0,1.0001909995782654e-06,1.025314453048712,1.0319989098046713
readout_mitigated,q1,13,Z+->Y,-0.031999958443571674,256.0,"{'0': 0.4840000207782142, '1': 0.5159999792217859}","{'00010': 127, '01000': 1, '00000': 123, '10010': 1, '00011': 2, '01010': 1, '00100': 1}",True,0.9999989997450005,0.0,1.000254999494743e-06,1.025314453048712,1.0319989098046713
readout_mitigated,q1,14,Z+->Z,0.9999989593610832,256.0,"{'0': 0.9999994796805416, '1': 5.20319458458969e-07}","{'01000': 5, '00000': 243, '00001': 2, '10000': 2, '00010': 2, '00100': 2}",True,0.9999990080009835,0.0,9.91999016486389e-07,1.025314453048712,1.0319989098046713
readout_mitigated,q1,15,Z-->X,-0.09599989133068204,256.0,"{'0': 0.452000054334659, '1': 0.547999945665341}","{'01000': 3, '00000': 113, '01011': 1, '00010': 135, '00001': 1, '01010': 2, '00110': 1}",True,0.9999989992330015,0.0,1.0007669985490075e-06,1.025314453048712,1.0319989098046713
readout_mitigated,q1,16,Z-->Y,-0.12799985777423722,256.0,"{'0': 0.43600007111288136, '1': 0.5639999288871186}","{'00010': 138, '01000': 3, '00000': 109, '00001': 1, '01010': 2, '10010': 1, '00011': 2}",True,0.9999989989770022,0.0,1.0010229978263396e-06,1.025314453048712,1.0319989098046713
readout_mitigated,q1,17,Z-->Z,-0.999998943361116,256.0,"{'0': 5.283194419551662e-07, '1': 0.999999471680558}","{'00010': 246, '00011': 2, '01010': 4, '00000': 4}",True,0.9999989920010165,0.0,1.0079989834488323e-06,1.025314453048712,1.0319989098046713
readout_mitigated,q2,0,X+->X,0.9999989882055607,256.0,"{'0': 0.9999994941027803, '1': 5.058972196957349e-07}","{'01000': 2, '00000': 242, '00010': 4, '00001': 5, '10000': 2, '00100': 1}",True,0.9999989960794393,0.0,1.0039205606826584e-06,1.005550432859543,1.0078421175555774
readout_mitigated,q2,1,X+->Y,-0.13725476754685184,256.0,"{'0': 0.4313726162265741, '1': 0.5686273837734259}","{'00000': 108, '00100': 138, '00010': 1, '01100': 4, '00001': 1, '00110': 3, '10100': 1}",True,0.9999990005392536,0.0,9.994607463870153e-07,1.005550432859543,1.0078421175555774
readout_mitigated,q2,2,X+->Z,0.019607819453480946,256.0,"{'0': 0.5098039097267405, '1': 0.49019609027325955}","{'00100': 124, '00000': 123, '01000': 2, '00001': 3, '01100': 2, '00010': 2}",True,0.9999989999241068,0.0,1.0000758932093845e-06,1.005550432859543,1.0078421175555774
readout_mitigated,q2,3,X-->X,-0.9921558666986654,256.0,"{'0': 0.003922066650667287, '1': 0.9960779333493327}","{'00100': 248, '01100': 2, '00110': 3, '00000': 1, '10100': 1, '00101': 1}",True,0.9999990038918036,0.0,9.961081963716367e-07,1.005550432859543,1.0078421175555774
readout_mitigated,q2,4,X-->Y,-0.0666666033967021,256.0,"{'0': 0.4666666983016489, '1': 0.533333301698351}","{'00100': 133, '01000': 1, '00000': 117, '00010': 1, '01100': 1, '00110': 1, '00101': 2}",True,0.9999990002624376,0.0,9.997375623460591e-07,1.005550432859543,1.0078421175555774
readout_mitigated,q2,5,X-->Z,0.11372537165368052,256.0,"{'0': 0.5568626858268403, '1': 0.44313731417315977}","{'00000': 137, '00100': 112, '00010': 4, '10100': 1, '00001': 1, '01100': 1}",True,0.9999989995550187,0.0,1.000444981302806e-06,1.005550432859543,1.0078421175555774
readout_mitigated,q2,6,Y+->X,0.09019598360363063,256.0,"{'0': 0.5450979918018153, '1': 0.45490200819818466}","{'01000': 3, '00000': 133, '00100': 112, '00110': 2, '10000': 1, '00001': 1, '00010': 1, '01100': 2, '00101': 1}",True,0.9999989996472908,0.0,1.0003527091684283e-06,1.005550432859543,1.0078421175555774
readout_mitigated,q2,7,Y+->Y,1.0,256.0,"{'0': 1.0, '1': 0.0}","{'01000': 5, '00000': 249, '00010': 1, '00001': 1}",True,0.999998996048682,0.003921560753447634,0.007842117555577295,1.005550432859543,1.0078421175555774
readout_mitigated,q2,8,Y+->Z,-0.027450956646619007,256.0,"{'0': 0.4862745216766905, '1': 0.5137254783233095}","{'01000': 3, '00000': 115, '00100': 130, '00001': 4, '01100': 1, '00010': 2, '00110': 1}",True,0.999999000108651,0.0,9.998913490516514e-07,1.005550432859543,1.0078421175555774
readout_mitigated,q2,9,Y-->X,-0.04313721534665221,256.0,"{'0': 0.4784313923266739, '1': 0.5215686076733261}","{'00101': 4, '01000': 1, '00000': 115, '00100': 128, '01100': 1, '00010': 1, '00001': 4, '00110': 1, '10000': 1}",True,0.9999990001701655,0.0,9.998298344804368e-07,1.005550432859543,1.0078421175555774
readout_mitigated,q2,10,Y-->Y,-0.9764696079986321,256.0,"{'0': 0.011765196000683983, '1': 0.9882348039993161}","{'00100': 250, '00110': 2, '00101': 1, '00000': 3}",True,0.9999990038302888,0.0,9.96169711164896e-07,1.005550432859543,1.0078421175555774
readout_mitigated,q2,11,Y-->Z,0.07450972490359736,256.0,"{'0': 0.5372548624517987, '1': 0.4627451375482013}","{'00000': 136, '00100': 116, '01100': 2, '00110': 1, '00010': 1}",True,0.9999989997088055,0.0,1.0002911945417026e-06,1.005550432859543,1.0078421175555774
readout_mitigated,q2,12,Z+->X,0.1372547597037304,256.0,"{'0': 0.5686273798518652, '1': 0.43137262014813477}","{'00100': 104, '00000': 141, '00001': 2, '10000': 1, '01100': 2, '00101': 1, '00110': 4, '00010': 1}",True,0.9999989994627467,0.0,1.0005372532706502e-06,1.005550432859543,1.0078421175555774
readout_mitigated,q2,13,Z+->Y,0.09803911295364731,256.0,"{'0': 0.5490195564768237, '1': 0.45098044352317634}","{'01000': 1, '00000': 139, '01100': 1, '00100': 114, '00101': 1}",True,0.9999989996165335,0.0,1.0003834665095468e-06,1.005550432859543,1.0078421175555774
readout_mitigated,q2,14,Z+->Z,0.9843127295055274,256.0,"{'0': 0.9921563647527637, '1': 0.007843635247236276}","{'00100': 3, '01000': 5, '00000': 242, '00011': 2, '00010': 2, '00001': 1, '10000': 1}",True,0.9999989961409541,0.0,1.0038590458893992e-06,1.005550432859543,1.0078421175555774
readout_mitigated,q2,15,Z-->X,-0.03529408599663558,256.0,"{'0': 0.4823529570016822, '1': 0.5176470429983178}","{'00100': 124, '01000': 4, '00000': 114, '00010': 4, '01100': 5, '00110': 2, '10000': 1, '00101': 2}",True,0.9999990001394082,0.0,9.99860591710533e-07,1.005550432859543,1.0078421175555774
readout_mitigated,q2,16,Z-->Y,-0.027450956646619007,256.0,"{'0': 0.4862745216766905, '1': 0.5137254783233095}","{'00010': 2, '00100': 125, '01000': 2, '00000': 119, '01100': 2, '00110': 4, '00001': 1, '00101': 1}",True,0.999999000108651,0.0,9.998913490516514e-07,1.005550432859543,1.0078421175555774
readout_mitigated,q2,17,Z-->Z,-0.9921558666986654,256.0,"{'0': 0.003922066650667287, '1': 0.9960779333493327}","{'01101': 1, '00100': 250, '00101': 1, '00000': 1, '00110': 2, '01100': 1}",True,0.9999990038918036,0.0,9.961081963716367e-07,1.005550432859543,1.0078421175555774
readout_mitigated,q3,0,X+->X,0.9837387801202965,256.0,"{'0': 0.9918693900601483, '1': 0.008130609939851817}","{'01000': 6, '00000': 244, '00100': 1, '10000': 2, '00001': 3}",True,0.9999990079988686,0.0,9.920011314057398e-07,1.0414718005361046,1.0487793438264639
readout_mitigated,q3,1,X+->Y,-0.024390209357296688,256.0,"{'0': 0.4878048953213517, '1': 0.5121951046786484}","{'00000': 122, '01000': 127, '00001': 1, '01010': 2, '00100': 2, '00010': 1, '01100': 1}",True,0.9999989998027061,0.0,1.0001972938766812e-06,1.0414718005361046,1.0487793438264639
readout_mitigated,q3,2,X+->Z,0.04878044310478674,256.0,"{'0': 0.5243902215523933, '1': 0.4756097784476066}","{'00000': 129, '01000': 119, '01010': 2, '00001': 2, '00010': 3, '00100': 1}",True,0.9999990003975889,0.0,9.99602411067002e-07,1.0414718005361046,1.0487793438264639
readout_mitigated,q3,3,X-->X,-1.0,256.0,"{'0': 0.0, '1': 1.0}","{'00000': 4, '01000': 244, '01001': 4, '01010': 4}",True,0.9999989917387395,0.008130031052287996,0.01625905384331556,1.0414718005361046,1.0487793438264639
readout_mitigated,q3,4,X-->Y,0.024390225617425598,256.0,"{'0': 0.5121951128087128, '1': 0.4878048871912872}","{'00000': 128, '01000': 120, '01001': 1, '00001': 3, '01010': 3, '00010': 1}",True,0.9999990001992947,0.0,9.998007053368951e-07,1.0414718005361046,1.0487793438264639
readout_mitigated,q3,5,X-->Z,-0.07317064433201886,256.0,"{'0': 0.46341467783399054, '1': 0.5365853221660094}","{'00000': 117, '01000': 134, '00010': 2, '01010': 1, '00001': 1, '01100': 1}",True,0.9999989994061176,0.0,1.0005938824164673e-06,1.0414718005361046,1.0487793438264639
readout_mitigated,q3,6,Y+->X,-0.09756086181938001,256.0,"{'0': 0.45121956909030997, '1': 0.54878043090969}","{'00000': 112, '01000': 130, '01100': 3, '10000': 1, '01001': 4, '01010': 2, '00010': 4}",True,0.9999989992078234,0.0,1.0007921765198269e-06,1.0414718005361046,1.0487793438264639
readout_mitigated,q3,7,Y+->Y,0.9756087076245095,256.0,"{'0': 0.9878043538122547, '1': 0.012195646187745303}","{'01000': 7, '00000': 245, '00100': 3, '00010': 1}",True,0.9999990079327706,0.0,9.920672294216892e-07,1.0414718005361046,1.0487793438264639
readout_mitigated,q3,8,Y+->Z,-0.04878042684465783,256.0,"{'0': 0.4756097865776711, '1': 0.5243902134223289}","{'01000': 131, '00000': 120, '00100': 1, '00010': 2, '11000': 1, '01001': 1}",True,0.9999989996044119,0.0,1.0003955881465743e-06,1.0414718005361046,1.0487793438264639
readout_mitigated,q3,9,Y-->X,0.05691051560057375,256.0,"{'0': 0.5284552578002869, '1': 0.47154474219971315}","{'00000': 129, '01000': 116, '00001': 1, '11000': 1, '01001': 1, '00010': 5, '00100': 1, '01100': 1, '01010': 1}",True,0.999999000463687,0.0,9.995363130510526e-07,1.0414718005361046,1.0487793438264639
readout_mitigated,q3,10,Y-->Y,-0.9999989088517416,256.0,"{'0': 5.455741291880006e-07, '1': 0.9999994544258708}","{'00000': 6, '01000': 245, '11000': 1, '01010': 2, '01001': 2}",True,0.9999989918709359,0.0,1.0081290640617802e-06,1.0414718005361046,1.0487793438264639
readout_mitigated,q3,11,Y-->Z,0.08130073308793495,256.0,"{'0': 0.5406503665439675, '1': 0.4593496334560325}","{'01000': 113, '00000': 137, '01001': 2, '01010': 1, '10000': 1, '00001': 1, '01100': 1}",True,0.9999990006619812,0.0,9.993380187811596e-07,1.0414718005361046,1.0487793438264639
readout_mitigated,q3,12,Z+->X,0.016260153121638476,256.0,"{'0': 0.5081300765608192, '1': 0.49186992343918073}","{'01000': 121, '00000': 130, '01001': 2, '01010': 2, '00010': 1}",True,0.9999990001331965,0.0,9.998668034083558e-07,1.0414718005361046,1.0487793438264639
readout_mitigated,q3,13,Z+->Y,-0.10569093431516702,256.0,"{'0': 0.4471545328424165, '1': 0.5528454671575835}","{'01000': 136, '00000': 113, '00001': 1, '01001': 2, '01010': 2, '00010': 2}",True,0.9999989991417252,0.0,1.0008582748688433e-06,1.0414718005361046,1.0487793438264639
readout_mitigated,q3,14,Z+->Z,0.9918688526160835,256.0,"{'0': 0.9959344263080417, '1': 0.004065573691958277}","{'01000': 5, '00000': 242, '00100': 1, '00001': 4, '00010': 4}",True,0.9999990080649668,0.0,9.919350332232568e-07,1.0414718005361046,1.0487793438264639
readout_mitigated,q3,15,Z-->X,-0.04065035434887071,256.0,"{'0': 0.4796748228255647, '1': 0.5203251771744354}","{'01000': 126, '00000': 119, '00001': 1, '01010': 1, '01001': 4, '00100': 2, '00010': 2, '01100': 1}",True,0.9999989996705099,0.0,1.0003294901306248e-06,1.0414718005361046,1.0487793438264639
readout_mitigated,q3,16,Z-->Y,0.05691051560057375,256.0,"{'0': 0.5284552578002869, '1': 0.47154474219971315}","{'00000': 132, '01000': 118, '01001': 1, '00001': 3, '01100': 1, '00100': 1}",True,0.999999000463687,0.0,9.995363130510526e-07,1.0414718005361046,1.0487793438264639
readout_mitigated,q3,17,Z-->Z,-1.0,256.0,"{'0': 0.0, '1': 1.0}","{'00000': 2, '01000': 247, '01100': 3, '00001': 1, '01010': 3}",True,0.9999989916726417,0.012195067333230558,0.024389126339102785,1.0414718005361046,1.0487793438264639
readout_mitigated,q4,0,X+->X,0.9999989920030001,256.0,"{'0': 0.9999994960015001, '1': 5.039984999700926e-07}","{'01000': 6, '00000': 242, '00001': 4, '00010': 3, '00100': 1}",True,0.9999990078749997,0.0,9.921250003208648e-07,1.0111536426969197,1.0157469917530948
readout_mitigated,q4,1,X+->Y,0.0393700466192361,256.0,"{'0': 0.5196850233096181, '1': 0.480314976690382}","{'10001': 1, '01000': 1, '00000': 129, '11000': 1, '00001': 2, '10000': 119, '00010': 2, '10010': 1}",True,0.9999990003109998,0.0,9.996890002472725e-07,1.0111536426969197,1.0157469917530948
readout_mitigated,q4,2,X+->Z,-0.007873999875047388,256.0,"{'0': 0.49606300006247633, '1': 0.5039369999375237}","{'01000': 2, '10001': 3, '00000': 124, '11000': 2, '10000': 120, '00010': 2, '10010': 3}",True,0.9999989999389998,0.0,1.000061000233643e-06,1.0111536426969197,1.0157469917530948
readout_mitigated,q4,3,X-->X,-1.0,256.0,"{'0': 0.0, '1': 1.0}","{'11000': 4, '10000': 237, '00000': 1, '10001': 3, '10010': 7, '10100': 4}",True,0.999998992065,0.003936995969523816,0.00787298400404759,1.0111536426969197,1.0157469917530948
readout_mitigated,q4,4,X-->Y,0.00787401562304707,256.0,"{'0': 0.5039370078115235, '1': 0.49606299218847644}","{'11000': 1, '00001': 2, '10000': 120, '01000': 3, '00000': 123, '00010': 2, '10010': 5}",True,0.9999990000629999,0.0,9.999370000901564e-07,1.0111536426969197,1.0157469917530948
readout_mitigated,q4,5,X-->Z,0.031496038870188814,256.0,"{'0': 0.5157480194350944, '1': 0.4842519805649056}","{'01000': 3, '10001': 1, '00000': 130, '11000': 1, '10000': 121}",True,0.9999990002489998,0.0,9.997510002079935e-07,1.0111536426969197,1.0157469917530948
readout_mitigated,q4,6,Y+->X,0.031496038870188814,256.0,"{'0': 0.5157480194350944, '1': 0.4842519805649056}","{'01000': 2, '00000': 130, '11000': 1, '10000': 120, '10010': 2, '00100': 1}",True,0.9999990002489998,0.0,9.997510002079935e-07,1.0111536426969197,1.0157469917530948
readout_mitigated,q4,7,Y+->Y,0.9921249842539528,256.0,"{'0': 0.9960624921269764, '1': 0.003937507873023629}","{'01000': 3, '00000': 249, '00100': 2, '10000': 1, '00001': 1}",True,0.9999990078129997,0.0,9.92187000337097e-07,1.0111536426969197,1.0157469917530948
readout_mitigated,q4,8,Y+->Z,-0.07874006961647245,256.0,"{'0': 0.46062996519176375, '1': 0.5393700348082362}","{'10010': 2, '10001': 2, '00000': 108, '00001': 3, '10000': 131, '11000': 2, '00100': 3, '00010': 2, '01000': 3}",True,0.9999989993809998,0.0,1.0006190001576876e-06,1.0111536426969197,1.0157469917530948
readout_mitigated,q4,9,Y-->X,-0.0629920541183781,256.0,"{'0': 0.468503972940811, '1': 0.5314960270591891}","{'11000': 3, '00001': 3, '10000': 127, '10001': 2, '01000': 2, '00000': 116, '10010': 3}",True,0.9999989995049998,0.0,1.0004950001807345e-06,1.0111536426969197,1.0157469917530948
readout_mitigated,q4,10,Y-->Y,-1.0,256.0,"{'0': 0.0, '1': 1.0}","{'11000': 4, '10000': 246, '10100': 2, '11001': 1, '10010': 3}",True,0.9999989920029999,0.007873999875047437,0.01574699175309479,1.0111536426969197,1.0157469917530948
readout_mitigated,q4,11,Y-->Z,-0.10236209286361436,256.0,"{'0': 0.44881895356819285, '1': 0.5511810464318072}","{'10001': 1, '01000': 2, '00000': 109, '00001': 1, '10000': 133, '00010': 2, '00100': 2, '10010': 3, '11000': 3}",True,0.9999989991949998,0.0,1.000805000206384e-06,1.0111536426969197,1.0157469917530948
readout_mitigated,q4,12,Z+->X,0.06299206986637779,256.0,"{'0': 0.5314960349331889, '1': 0.4685039650668111}","{'10001': 1, '01000': 4, '00000': 128, '11000': 3, '10000': 111, '00100': 1, '10100': 2, '00010': 2, '00001': 2, '10010': 2}",True,0.9999990004969999,0.0,9.99503000143065e-07,1.0111536426969197,1.0157469917530948
readout_mitigated,q4,13,Z+->Y,-0.031496023122189076,256.0,"{'0': 0.48425198843890543, '1': 0.5157480115610945}","{'00001': 3, '10000': 129, '01000': 2, '00000': 118, '00010': 2, '10010': 2}",True,0.9999989997529999,0.0,1.000247000115806e-06,1.0111536426969197,1.0157469917530948
readout_mitigated,q4,14,Z+->Z,0.9921249842539528,256.0,"{'0': 0.9960624921269764, '1': 0.003937507873023629}","{'01000': 4, '00000': 245, '10000': 1, '00001': 2, '00010': 3, '00100': 1}",True,0.9999990078129997,0.0,9.92187000337097e-07,1.0111536426969197,1.0157469917530948
readout_mitigated,q4,15,Z-->X,0.015748023372094355,256.0,"{'0': 0.5078740116860472, '1': 0.4921259883139528}","{'10001': 1, '01000': 3, '00000': 122, '00001': 2, '10000': 121, '00010': 2, '00100': 2, '10100': 1, '11000': 1, '10010': 1}",True,0.9999990001249999,0.0,9.998750001294354e-07,1.0111536426969197,1.0157469917530948
readout_mitigated,q4,16,Z-->Y,0.023622031121141696,256.0,"{'0': 0.5118110155605708, '1': 0.48818898443942915}","{'01000': 1, '00000': 128, '00001': 2, '11000': 1, '10000': 121, '00100': 1, '10010': 2}",True,0.9999990001869998,0.0,9.998130001687144e-07,1.0111536426969197,1.0157469917530948
readout_mitigated,q4,17,Z-->Z,-1.0,256.0,"{'0': 0.0, '1': 1.0}","{'11000': 8, '10000': 245, '10100': 1, '10001': 2}",True,0.9999989920029999,0.007873999875047437,0.01574699175309479,1.0111536426969197,1.0157469917530948
readout_mitigated,q0-q1,0,"Z-,Y+->ZY",0.9676430293068341,256.0,"{'00': 0.0, '01': 0.016022427111659073, '10': 0.00015605823492386456, '11': 0.983821514653417}","{'00011': 243, '00001': 4, '00010': 4, '01011': 4, '00111': 1}",True,0.9999990078377876,0.0003287470277323477,0.000656501893252327,1.0631022870543168,1.082879523969164
readout_mitigated,q0-q1,1,"X+,X+->XI",1.0,256.0,"{'00': 0.49072292199836604, '01': 0.0, '10': 0.509277078001634, '11': 0.0}","{'00010': 125, '01000': 2, '00000': 125, '00001': 1, '01010': 2, '00011': 1}",True,0.9999990076373948,0.002107492998189738,0.004213993633774197,1.0631022870543168,1.082879523969164
readout_mitigated,q0-q1,2,"Z-,Z+->ZZ",0.9508059597229755,256.0,"{'00': 0.007442578368279757, '01': 0.020101510605208154, '10': 0.00449550953330409, '11': 0.9679604014932081}","{'00011': 238, '00110': 1, '00111': 1, '00001': 5, '00010': 4, '10011': 2, '01011': 3, '00000': 2}",True,0.9999990077766335,0.0,9.922233664971802e-07,1.0631022870543168,1.082879523969164
readout_mitigated,q0-q1,3,"X+,Z+->YY",-1.0,256.0,"{'00': 0.0, '01': 0.4919025715921139, '10': 0.5080974284078861, '11': 0.0}","{'01010': 2, '01001': 3, '00001': 118, '00010': 123, '10001': 1, '00000': 6, '00011': 3}",True,0.9999989815395163,6.685988397929759e-05,0.00013270130747482494,1.0631022870543168,1.082879523969164
readout_mitigated,q0-q1,4,"X+,Y+->YZ",0.976591382590857,256.0,"{'00': 0.4652772610125654, '01': 0.011704308704571427, '10': 0.0, '11': 0.5230184302828631}","{'00000': 116, '00011': 129, '10000': 1, '00001': 4, '10011': 1, '01011': 1, '00010': 3, '00111': 1}",True,0.9999990174977377,0.0020023155362916614,0.004003648570321067,1.0631022870543168,1.082879523969164
readout_mitigated,q0-q1,5,"Z-,Y+->ZI",-1.0,256.0,"{'00': 0.0, '01': 0.476923130264143, '10': 0.0, '11': 0.523076869735857}","{'01001': 3, '00001': 115, '00011': 130, '10001': 1, '00000': 1, '00010': 2, '01011': 4}",True,0.9999989925316438,0.005920921670871208,0.01184083587338624,1.0631022870543168,1.082879523969164
readout_mitigated,q0-q1,6,"X+,Z+->XY",0.10482092591196515,256.0,"{'00': 0.26011990456552864, '01': 0.21161197143092644, '10': 0.23597756561309102, '11': 0.292290558390454}","{'00011': 75, '00010': 60, '00000': 68, '01001': 1, '00001': 52}",True,0.9999990017615151,0.0,9.982384849283044e-07,1.0631022870543168,1.082879523969164
readout_mitigated,q0-q1,7,"X+,Z-->XY",-0.15039817410502593,256.0,"{'00': 0.24117225885770058, '01': 0.28031308807405736, '10': 0.2948859989784556, '11': 0.1836286540897864}","{'01010': 1, '00001': 70, '00011': 47, '00000': 64, '00010': 72, '00111': 1, '00110': 1}",True,0.999998997881681,0.0,1.002118318993439e-06,1.0631022870543168,1.082879523969164
readout_mitigated,q0-q1,8,"Z+,Y+->IZ",-0.04333034574980088,256.0,"{'00': 0.47833482712509956, '01': 0.0, '10': 0.5216651728749004, '11': 0.0}","{'01000': 3, '00000': 121, '00010': 129, '10000': 1, '01010': 2}",True,0.9999990072515959,0.010122459884482344,0.020243927020560652,1.0631022870543168,1.082879523969164
readout_mitigated,q0-q1,9,"X+,X+->YZ",0.10607748588427598,256.0,"{'00': 0.31629620424041965, '01': 0.25954598280700064, '10': 0.18741527425086138, '11': 0.23674253870171835}","{'00001': 65, '01000': 1, '00000': 81, '00011': 61, '00010': 48}",True,0.9999990023550429,0.0,9.976449570903156e-07,1.0631022870543168,1.082879523969164
readout_mitigated,q0-q1,10,"X+,Y+->ZY",0.9794509390268937,256.0,"{'00': 0.5057210497040376, '01': 0.00398638057913154, '10': 0.006288149907421518, '11': 0.4840044198094092}","{'00011': 119, '00000': 127, '00001': 2, '00010': 5, '10011': 2, '00111': 1}",True,0.9999990184076788,0.0,9.81592321092073e-07,1.0631022870543168,1.082879523969164
readout_mitigated,q0-q1,11,"Y+,Y+->ZY",0.9547928508888133,256.0,"{'00': 0.48957052980432575, '01': 0.020245641541110738, '10': 0.0023579330144826976, '11': 0.4878258956400809}","{'00011': 118, '01000': 1, '00000': 121, '00001': 6, '00010': 4, '01011': 3, '00111': 1, '00100': 1, '10011': 1}",True,0.9999990176284193,0.0,9.823715807488753e-07,1.0631022870543168,1.082879523969164
readout_mitigated,q0-q1,12,"X+,Z+->XX",0.9877811226457872,256.0,"{'00': 0.5138048071479713, '01': 0.003921189116450306, '10': 0.0021882495606560977, '11': 0.4800857541749224}","{'01000': 2, '00000': 126, '00011': 116, '00010': 4, '01011': 5, '10000': 1, '00001': 2}",True,0.9999990186606686,0.0,9.813393314628271e-07,1.0631022870543168,1.082879523969164
readout_mitigated,q0-q1,13,"Y+,Z+->YX",0.9463006848846007,256.0,"{'00': 0.4615654958737522, '01': 0.02047148821987424, '10': 0.006378169337825467, '11': 0.5115848465685482}","{'00011': 124, '01000': 6, '00000': 108, '00010': 5, '01011': 5, '00001': 6, '00100': 2}",True,0.9999990169664312,0.0,9.830335688798542e-07,1.0631022870543168,1.082879523969164
readout_mitigated,q0-q1,14,"X+,Y+->XX",0.9824796028871993,256.0,"{'00': 0.4906802076992575, '01': 0.008760198556400344, '10': 0.0, '11': 0.5005595937443421}","{'00011': 124, '01000': 1, '00000': 123, '00010': 1, '01011': 2, '00001': 4, '00111': 1}",True,0.9999990182491163,0.010154317627924323,0.020307653504965044,1.0631022870543168,1.082879523969164
readout_mitigated,q0-q1,15,"Y+,Y+->YX",1.0,256.0,"{'00': 0.4970363690413698, '01': 0.0, '10': 0.0, '11': 0.5029636309586303}","{'01000': 1, '00000': 124, '00011': 124, '00010': 3, '01011': 1, '00111': 2, '00001': 1}",True,0.9999990185582235,0.0020738130451442753,0.004146644648511878,1.0631022870543168,1.082879523969164
readout_mitigated,q0-q1,16,"X+,X+->XX",0.9339856945473438,256.0,"{'00': 0.9634172905572412, '01': 0.024488809857283397, '10': 0.008518342869044737, '11': 0.003575556716430717}","{'01000': 2, '00000': 237, '10000': 2, '00001': 8, '00010': 5, '00111': 1, '00100': 1}",True,0.999999027002462,0.0,9.729975380123879e-07,1.0631022870543168,1.082879523969164
readout_mitigated,q0-q1,17,"Y+,X+->YX",0.9420158119247009,256.0,"{'00': 0.9673845508664137, '01': 0.00832780077745038, '10': 0.020664293260199106, '11': 0.00362335509593668}","{'01000': 2, '00000': 240, '00001': 4, '00010': 8, '00100': 1, '00011': 1}",True,0.9999990273575414,0.0,9.726424585743132e-07,1.0631022870543168,1.082879523969164
readout_mitigated,q0-q1,18,"X+,Z-->XX",0.93842192745761,256.0,"{'00': 0.5171967627277083, '01': 0.01599059582600034, '10': 0.014798440445194646, '11': 0.4520142010010967}","{'00000': 130, '00011': 111, '00001': 5, '10011': 1, '01011': 2, '00010': 6, '00110': 1}",True,0.9999990180682083,0.0,9.819317917103554e-07,1.0631022870543168,1.082879523969164
readout_mitigated,q0-q1,19,"Y+,Z-->YX",0.9875867437834045,256.0,"{'00': 0.48989927536400324, '01': 0.004113975375748939, '10': 0.0020926527325488206, '11': 0.503894096527699}","{'00000': 122, '00011': 125, '01011': 1, '10011': 1, '00010': 4, '00001': 2, '00100': 1}",True,0.9999990181698707,0.0,9.818301293096354e-07,1.0631022870543168,1.082879523969164
readout_mitigated,q0-q1,20,"Y+,X+->YI",0.9640173063786484,256.0,"{'00': 0.4632940941425582, '01': 0.016425290160470316, '10': 0.518714559046766, '11': 0.0015660566502054586}","{'00010': 123, '01000': 1, '00000': 119, '01001': 1, '01010': 5, '00001': 4, '10010': 1, '00011': 2}",True,0.9999990063445647,0.0,9.936554352663052e-07,1.0631022870543168,1.082879523969164
readout_mitigated,q0-q1,21,"Z+,Y+->IY",0.9947833349997321,256.0,"{'00': 0.9946876411285283, '01': 0.0027040263713377856, '10': 0.0, '11': 0.0026083325001339725}","{'01000': 3, '00000': 246, '00010': 2, '00001': 3, '00011': 1, '00100': 1}",True,0.999999028601845,0.004081335763838662,0.008161700129522258,1.0631022870543168,1.082879523969164
readout_mitigated,q0-q1,22,"Z+,Y+->ZY",1.0,256.0,"{'00': 1.0, '01': 0.0, '10': 0.0, '11': 0.0}","{'01000': 3, '00000': 248, '00010': 4, '00100': 1}",True,0.9999990289927515,0.008097005033665035,0.01619303906008167,1.0631022870543168,1.082879523969164
readout_mitigated,q0-q1,23,"Z-,Y+->IY",-0.9370103617501823,256.0,"{'00': 0.007360391978360336, '01': 0.024134427146548544, '10': 0.0045618296037875, '11': 0.9639433512713036}","{'00011': 237, '01011': 4, '00010': 5, '00000': 2, '00001': 6, '00111': 2}",True,0.9999990076412708,0.0,9.923587291679054e-07,1.0631022870543168,1.082879523969164
readout_mitigated,q0-q1,24,"Z-,X+->ZX",-0.9999988908684189,256.0,"{'00': 2.85756245301666e-07, '01': 0.9999991901400438, '10': 2.552941657260697e-07, '11': 2.688095452385796e-07}","{'01001': 4, '00001': 242, '00011': 3, '00000': 5, '00101': 2}",True,0.9999989755758193,8.118794506042221e-10,1.02442418067894e-06,1.0631022870543168,1.082879523969164
readout_mitigated,q0-q1,25,"Y+,Y+->XZ",-1.0,256.0,"{'00': 0.0, '01': 0.5100707116463656, '10': 0.4899292883536344, '11': 0.0}","{'01010': 3, '01001': 3, '00001': 124, '00010': 119, '00000': 3, '00101': 1, '00011': 3}",True,0.999998980750112,0.012312788668071614,0.024624558086255185,1.0631022870543168,1.082879523969164
readout_mitigated,q0-q1,26,"Y+,Z+->XY",0.9465534832401395,256.0,"{'00': 0.5172458886582694, '01': 0.007925692119567927, '10': 0.018797566260362355, '11': 0.45603085296180046}","{'01000': 1, '00000': 128, '00011': 113, '01011': 1, '00010': 8, '00111': 1, '00001': 2, '00100': 1, '01001': 1}",True,0.9999990182495432,0.0,9.817504568743196e-07,1.0631022870543168,1.082879523969164
readout_mitigated,q0-q1,27,"X+,Z-->YY",0.9805278367469272,256.0,"{'00': 0.5517857096520341, '01': 0.009736081626536414, '10': 0.0, '11': 0.4384782087214295}","{'00011': 109, '01000': 1, '00000': 137, '00010': 2, '01011': 2, '00001': 4, '00100': 1}",True,0.9999990193867204,0.005783559317120553,0.011566138020961576,1.0631022870543168,1.082879523969164
readout_mitigated,q0-q1,28,"Y+,Z-->XY",-1.0,256.0,"{'00': 0.0, '01': 0.526275602030515, '10': 0.473724397969485, '11': 0.0}","{'00010': 116, '01001': 2, '00001': 129, '00000': 6, '00011': 2, '00110': 1}",True,0.9999989810363752,0.004014639550652357,0.0080282601376798,1.0631022870543168,1.082879523969164
readout_mitigated,q0-q1,29,"Z-,Z-->ZZ",-0.9754055956844663,256.0,"{'00': 0.008182295061301088, '01': 0.9838041912644977, '10': 0.0038986065777354725, '11': 0.004114907096465759}","{'01001': 9, '00001': 233, '00000': 6, '00011': 4, '00100': 1, '00101': 2, '00010': 1}",True,0.9999989761914796,0.0,1.0238085204616887e-06,1.0631022870543168,1.082879523969164
readout_mitigated,q0-q1,30,"Z-,Z+->IZ",-0.957394248738088,256.0,"{'00': 0.006620605431101125, '01': 0.014682270199854934, '10': 0.0, '11': 0.978697124369044}","{'00011': 242, '00001': 5, '01011': 5, '00000': 3, '00111': 1}",True,0.9999990083053859,0.016147635366337704,0.032294279038061244,1.0631022870543168,1.082879523969164
readout_mitigated,q0-q1,31,"Z+,Z-->IZ",-1.0,256.0,"{'00': 0.0, '01': 0.0, '10': 1.0, '11': 0.0}","{'00010': 242, '00110': 3, '01010': 2, '00011': 4, '00000': 5}",True,0.9999989870663337,0.008083714548740895,0.01616641616381552,1.0631022870543168,1.082879523969164
readout_mitigated,q0-q1,32,"Z+,Z-->ZZ",-0.9920309060254164,256.0,"{'00': 0.0, '01': 0.0, '10': 0.9960154530127082, '11': 0.003984546987291786}","{'10011': 1, '00010': 241, '10010': 1, '00011': 4, '00000': 5, '01010': 4}",True,0.9999989871557244,0.007968467677115633,0.015935922509955742,1.0631022870543168,1.082879523969164
readout_mitigated,q0-q1,33,"Z+,X+->IX",0.9760519885966314,256.0,"{'00': 0.9797983041555083, '01': 0.008227690142807468, '10': 0.0041850278497145114, '11': 0.007788977851969803}","{'01000': 8, '00000': 238, '00010': 4, '00001': 4, '00011': 2}",True,0.9999990279605024,0.0,9.720394976153734e-07,1.0631022870543168,1.082879523969164
readout_mitigated,q0-q1,34,"Z+,X+->ZX",1.0,256.0,"{'00': 1.0, '01': 0.0, '10': 0.0, '11': 0.0}","{'01000': 2, '00000': 250, '00010': 2, '00001': 2}",True,0.9999990289008072,0.0041488208766796075,0.008296670654166333,1.0631022870543168,1.082879523969164
readout_mitigated,q0-q1,35,"X+,X+->IX",0.999547728441609,256.0,"{'00': 0.48560310853560196, '01': 0.5141707556852025, '10': 0.00022613577919552725, '11': 0.0}","{'01001': 2, '00001': 123, '10001': 3, '01000': 3, '00000': 121, '00101': 1, '00010': 2, '01100': 1}",True,0.9999990013211727,0.006172748475264883,0.012344498271702413,1.0631022870543168,1.082879523969164
readout_mitigated,q0-q1,36,"Y+,X+->IX",0.9970371421060022,256.0,"{'00': 0.5196170586173101, '01': 0.47890151243569096, '10': 0.0, '11': 0.0014814289469988868}","{'01000': 1, '00000': 131, '00001': 119, '00011': 2, '00101': 1, '00010': 1, '00100': 1}",True,0.9999990032832258,0.002317797951154696,0.004634599185535283,1.0631022870543168,1.082879523969164
readout_mitigated,q0-q1,37,"Z-,X+->IX",0.9812346333996197,256.0,"{'00': 0.0, '01': 0.9906173166998099, '10': 0.006765184107516919, '11': 0.0026174991926732364}","{'01001': 6, '00001': 238, '00011': 4, '00101': 2, '00000': 4, '00010': 2}",True,0.9999989755859645,0.004050346563308157,0.008099668712580754,1.0631022870543168,1.082879523969164
readout_mitigated,q0-q1,38,"X+,Z-->ZZ",-1.0,256.0,"{'00': 0.0, '01': 0.5140953962477867, '10': 0.48590460375221334, '11': 0.0}","{'00010': 116, '01010': 4, '01001': 3, '00001': 126, '00000': 4, '00011': 2, '00110': 1}",True,0.9999989807859394,0.012263131691066957,0.024525244168073328,1.0631022870543168,1.082879523969164
readout_mitigated,q0-q1,39,"Y+,Z-->ZZ",-0.9870140436986838,256.0,"{'00': 0.0, '01': 0.4907355084480154, '10': 0.5027715134013265, '11': 0.006492978150658114}","{'01011': 1, '00010': 119, '00011': 5, '01001': 1, '01010': 6, '00001': 121, '00000': 2, '10001': 1}",True,0.999998981076955,0.016085292286281937,0.032169565649518714,1.0631022870543168,1.082879523969164
readout_mitigated,q0-q1,40,"X+,Z+->ZZ",0.9632786434320544,256.0,"{'00': 0.5413819141407927, '01': 0.007731047107772398, '10': 0.010629631176200418, '11': 0.4402574075752345}","{'01000': 1, '00000': 133, '01011': 2, '00010': 6, '00011': 107, '10000': 2, '00001': 3, '00111': 2}",True,0.9999990189191224,0.0,9.810808777070343e-07,1.0631022870543168,1.082879523969164
readout_mitigated,q0-q1,41,"Y+,Z+->ZZ",0.9522076029852045,256.0,"{'00': 0.461107455681068, '01': 0.023896198507397753, '10': 0.0, '11': 0.5149963458115343}","{'01000': 3, '00000': 112, '00011': 125, '00111': 1, '00010': 3, '01011': 3, '01001': 1, '00001': 6, '10011': 1, '00100': 1}",True,0.9999990170098496,0.0018192882514978534,0.003637593512845279,1.0631022870543168,1.082879523969164
readout_mitigated,q0-q1,42,"Z-,Z-->IZ",0.9958480497006656,256.0,"{'00': 0.0, '01': 0.9979240248503328, '10': 0.002075975149667144, '11': 0.0}","{'01001': 7, '00001': 242, '00010': 2, '00011': 3, '00000': 2}",True,0.9999989750162763,0.01241317991825679,0.02482533485279008,1.0631022870543168,1.082879523969164
readout_mitigated,q0-q1,43,"Z+,Z+->IZ",0.9833293403931695,256.0,"{'00': 0.9754362578903478, '01': 0.016228412306236995, '10': 0.008335329803415252, '11': 0.0}","{'01000': 4, '00000': 238, '00001': 6, '10000': 3, '00010': 5}",True,0.9999990275185867,0.00029475713650186,0.0005885417915903019,1.0631022870543168,1.082879523969164
readout_mitigated,q0-q1,44,"Z+,Z+->ZZ",1.0,256.0,"{'00': 0.9980483785762666, '01': 0.0, '10': 0.0, '11': 0.0019516214237333442}","{'01000': 4, '00000': 245, '00011': 1, '00010': 2, '10000': 1, '00001': 2, '00100': 1}",True,0.9999990288190076,0.004132622679047533,0.008264274177102699,1.0631022870543168,1.082879523969164
readout_mitigated,q0-q1,45,"Z-,Z-->ZI",-1.0,256.0,"{'00': 0.0, '01': 1.0, '10': 0.0, '11': 0.0}","{'01001': 7, '00001': 243, '00101': 2, '00011': 1, '00000': 3}",True,0.9999989748707688,0.01642930092318451,0.03285757671713786,1.0631022870543168,1.082879523969164
readout_mitigated,q0-q1,46,"Z-,X+->ZI",-0.9882839642055163,256.0,"{'00': 0.005236971601089439, '01': 0.5362477776816065, '10': 0.0006210462961523822, '11': 0.4578942044211517}","{'01001': 2, '00001': 129, '00011': 117, '00010': 2, '00000': 4, '10001': 2}",True,0.9999989908819632,0.0,1.0091180367433061e-06,1.0631022870543168,1.082879523969164
readout_mitigated,q0-q1,47,"Z-,Z+->ZI",-0.9840607351231138,256.0,"{'00': 0.003622695850790498, '01': 0.012067808565743713, '10': 0.004346936587652634, '11': 0.9799625589958132}","{'00011': 242, '01011': 5, '00010': 5, '00001': 3, '00000': 1}",True,0.9999990079655596,0.0,9.920344404557024e-07,1.0631022870543168,1.082879523969164
readout_mitigated,q0-q1,48,"Z+,Y+->ZZ",0.010060172383542343,256.0,"{'00': 0.5050300861917711, '01': 0.0, '10': 0.4949699138082288, '11': 0.0}","{'01000': 2, '00000': 129, '00010': 121, '01010': 3, '00001': 1}",True,0.9999990082327651,0.005992087938538629,0.011983184109842296,1.0631022870543168,1.082879523969164
readout_mitigated,q0-q1,49,"X+,Y+->IZ",0.06154511587571118,256.0,"{'00': 0.28305526514166707, '01': 0.24771729279618857, '10': 0.24493357498781856, '11': 0.2242938670743259}","{'00000': 70, '01011': 1, '00010': 62, '01001': 1, '10000': 1, '00001': 61, '00011': 57, '00100': 1, '01000': 2}",True,0.9999990008552666,0.0,9.991447335322423e-07,1.0631022870543168,1.082879523969164
readout_mitigated,q0-q1,50,"Y+,Y+->IZ",0.002562793591976309,256.0,"{'00': 0.2614544118464238, '01': 0.2398269849495644, '10': 0.310829526121582, '11': 0.18788907708242986}","{'01010': 1, '00001': 60, '01011': 1, '00010': 76, '01000': 2, '00000': 67, '00011': 48, '00110': 1}",True,0.9999989992867452,0.0,1.0007132548728315e-06,1.0631022870543168,1.082879523969164
readout_mitigated,q0-q1,51,"Y+,Z-->YY",-0.13403149964780356,256.0,"{'00': 0.22941692620491363, '01': 0.27637563528611786, '10': 0.29064011453778393, '11': 0.20356732397118463}","{'01001': 3, '01010': 2, '00001': 66, '00010': 71, '00011': 53, '01000': 1, '00000': 60}",True,0.9999989978610353,0.0,1.0021389648118273e-06,1.0631022870543168,1.082879523969164
readout_mitigated,q0-q1,52,"X+,Z-->YX",-0.13342074472977813,256.0,"{'00': 0.19797266979794695, '01': 0.32904851677804586, '10': 0.23766185558684325, '11': 0.23531695783716403}","{'00011': 61, '00001': 81, '10001': 1, '01000': 3, '00000': 49, '00010': 60, '00100': 1}",True,0.9999989966089985,0.0,1.0033910016193914e-06,1.0631022870543168,1.082879523969164
readout_mitigated,q0-q1,53,"Y+,Z-->XX",-0.1754189969517798,256.0,"{'00': 0.20500128109327403, '01': 0.28463704275684265, '10': 0.3030724557190473, '11': 0.2072892204308361}","{'00010': 73, '01001': 1, '01010': 2, '00001': 70, '00011': 54, '01000': 1, '00000': 53, '00110': 1, '11000': 1}",True,0.9999989968313401,0.0,1.0031686600853185e-06,1.0631022870543168,1.082879523969164
readout_mitigated,q0-q1,54,"X+,X+->YX",-0.03735411956781648,256.0,"{'00': 0.4716244055700679, '01': 0.504260817964645, '10': 0.014416241819263315, '11': 0.009698534646023873}","{'01000': 2, '00000': 119, '00001': 125, '00011': 4, '00010': 5, '00101': 1}",True,0.999999001131891,0.0,9.988681090589147e-07,1.0631022870543168,1.082879523969164
readout_mitigated,q0-q1,55,"Y+,X+->XX",-0.04471444946768299,256.0,"{'00': 0.4776427752661585, '01': 0.5223572247338415, '10': 0.0, '11': 0.0}","{'01000': 1, '00000': 122, '01001': 3, '00001': 128, '00010': 1, '00011': 1}",True,0.9999990009762382,0.0040008922040389635,0.008000785384316122,1.0631022870543168,1.082879523969164
readout_mitigated,q0-q1,56,"Z-,Y+->IZ",-0.10009571232920028,256.0,"{'00': 0.0, '01': 0.4499521438353999, '10': 0.0016105833741254544, '11': 0.5484372727904747}","{'00011': 138, '01001': 3, '00001': 108, '00111': 1, '01011': 1, '00010': 3, '00101': 1, '00000': 1}",True,0.999998993389793,0.0051053786044171975,0.010209750598627314,1.0631022870543168,1.082879523969164
readout_mitigated,q0-q1,57,"Y+,Z+->YY",-0.027447098766401,256.0,"{'00': 0.21461444900326992, '01': 0.23214021875174198, '10': 0.2815833306314585, '11': 0.27166200161352955}","{'00011': 69, '00010': 70, '01001': 1, '01010': 1, '00001': 57, '00000': 57, '00111': 1}",True,0.9999989992016087,0.0,1.000798391270763e-06,1.0631022870543168,1.082879523969164
readout_mitigated,q0-q1,58,"X+,X+->YI",0.00029980818604957715,256.0,"{'00': 0.22253383366736482, '01': 0.2401408603717416, '10': 0.27761607042566, '11': 0.2597092355352337}","{'00011': 67, '00000': 58, '00010': 70, '01001': 2, '00001': 58, '00100': 1}",True,0.999998999183873,0.0,1.0008161270835814e-06,1.0631022870543168,1.082879523969164
readout_mitigated,q0-q1,59,"Y+,X+->XI",-0.06373028723093804,256.0,"{'00': 0.1696691622161965, '01': 0.2647607100628401, '10': 0.29846569416833457, '11': 0.26710443355262903}","{'01011': 2, '00010': 74, '01001': 1, '00001': 64, '00011': 67, '01000': 2, '00000': 44, '00101': 1, '00110': 1}",True,0.999998996861348,0.0,1.0031386522835195e-06,1.0631022870543168,1.082879523969164
readout_mitigated,q0-q1,60,"Z-,Y+->ZZ",0.0050421193979783285,256.0,"{'00': 0.0, '01': 0.4886364280794918, '10': 0.00884251222151905, '11': 0.5025210596989892}","{'01001': 3, '00001': 118, '00011': 123, '01011': 5, '00010': 5, '00101': 1, '00111': 1}",True,0.999998991775584,0.010141991903046375,0.020282975581676743,1.0631022870543168,1.082879523969164
readout_mitigated,q0-q1,61,"Z+,X+->IY",-0.08394939586991494,256.0,"{'00': 0.45802530206504255, '01': 0.0, '10': 0.5336596083815286, '11': 0.008315089553428896}","{'01000': 1, '00000': 118, '00010': 130, '00011': 4, '01010': 3}",True,0.9999990065820171,0.003703692352517573,0.007406391287052119,1.0631022870543168,1.082879523969164
readout_mitigated,q0-q1,62,"Z+,X+->ZY",-0.03728930217050838,256.0,"{'00': 0.4795929213509058, '01': 0.00419708698733483, '10': 0.5144475640979194, '11': 0.001762427563840015}","{'00010': 124, '01000': 1, '00000': 122, '10010': 1, '00011': 2, '00100': 1, '00001': 2, '01010': 3}",True,0.9999990071672423,0.0,9.928327576735896e-07,1.0631022870543168,1.082879523969164
readout_mitigated,q0-q1,63,"Z+,Y+->IX",-0.03219971299360312,256.0,"{'00': 0.46750884313844143, '01': 0.016391300364757055, '10': 0.5104669599391816, '11': 0.005632896557620047}","{'00010': 126, '01000': 2, '00000': 117, '10000': 1, '00001': 5, '10010': 1, '00011': 3, '00100': 1}",True,0.9999990066051456,0.0,9.933948544871285e-07,1.0631022870543168,1.082879523969164
readout_mitigated,q0-q1,64,"Z+,Y+->ZX",0.006909979606434358,256.0,"{'00': 0.5034549898032172, '01': 0.007378882974483128, '10': 0.48916612722229974, '11': 0.0}","{'00010': 120, '01000': 2, '00000': 125, '00011': 1, '01010': 1, '00001': 3, '10000': 1, '00100': 2, '00110': 1}",True,0.9999990080590209,0.0019585220974538534,0.003916052253928411,1.0631022870543168,1.082879523969164
readout_mitigated,q0-q1,65,"X+,Z+->YX",0.07298777572212944,256.0,"{'00': 0.2959800612753857, '01': 0.2677743298582606, '10': 0.19573178228067473, '11': 0.2405138265856791}","{'01000': 3, '00000': 74, '01001': 2, '00001': 65, '00010': 49, '00011': 62, '00110': 1}",True,0.999999001496538,0.0,9.985034621351474e-07,1.0631022870543168,1.082879523969164
readout_mitigated,q0-q1,66,"Y+,Z+->XX",0.006186448872652683,256.0,"{'00': 0.203453275101979, '01': 0.27255276602731804, '10': 0.22435400953635565, '11': 0.2996399493343474}","{'00011': 75, '10001': 1, '00000': 54, '01011': 2, '00010': 56, '00001': 65, '00101': 1, '00110': 1, '01001': 1}",True,0.9999989988540493,0.0,1.0011459508074694e-06,1.0631022870543168,1.082879523969164
readout_mitigated,q0-q1,67,"Z-,X+->ZY",0.0984719179105375,256.0,"{'00': 0.0, '01': 0.4507640410447313, '10': 0.0, '11': 0.5492359589552688}","{'00011': 140, '01001': 1, '00001': 111, '10001': 1, '00000': 1, '00010': 1, '01011': 1}",True,0.9999989934332114,0.009842242410328956,0.019683478253869253,1.0631022870543168,1.082879523969164
readout_mitigated,q0-q1,68,"Z-,X+->IY",-0.009307188917862697,256.0,"{'00': 0.0007932093290656274, '01': 0.494553196212003, '10': 0.0, '11': 0.5046535944589313}","{'00011': 127, '01001': 2, '00001': 121, '00000': 3, '00010': 1, '01011': 2}",True,0.9999989922431822,0.004190105108705746,0.008379202460593869,1.0631022870543168,1.082879523969164
readout_mitigated,q0-q1,69,"Z-,Y+->ZX",-0.06664145810202732,256.0,"{'00': 0.0, '01': 0.5333207290510137, '10': 0.0, '11': 0.46667927094898637}","{'00011': 119, '00001': 134, '01011': 1, '00010': 1, '00111': 1}",True,0.9999989905087925,0.014175624682705036,0.02835023987420247,1.0631022870543168,1.082879523969164
readout_mitigated,q0-q1,70,"Z-,Y+->IX",-0.01201668965256214,256.0,"{'00': 0.002115297498257689, '01': 0.4918763576754613, '10': 0.0, '11': 0.5060083448262811}","{'00011': 128, '01001': 1, '00001': 119, '00000': 3, '01011': 1, '00010': 2, '00101': 2}",True,0.9999989922891547,0.00012465921156157474,0.0002483107122777488,1.0631022870543168,1.082879523969164
readout_mitigated,q0-q1,71,"X+,X+->ZI",-0.03231298110596806,256.0,"{'00': 0.24267046789830973, '01': 0.2803010061828281, '10': 0.24117304154870628, '11': 0.23585548437015597}","{'00001': 69, '01011': 1, '00010': 60, '00011': 59, '00000': 63, '00101': 1, '00111': 1, '00100': 1, '01010': 1}",True,0.999998999043758,0.0,1.0009562421142704e-06,1.0631022870543168,1.082879523969164
readout_mitigated,q0-q1,72,"Y+,X+->ZI",-0.023898221854975477,256.0,"{'00': 0.23935976919153953, '01': 0.23597291402379653, '10': 0.24869111988097278, '11': 0.27597619690369124}","{'01011': 3, '00010': 60, '00011': 66, '01010': 2, '00001': 58, '01001': 1, '00000': 59, '00100': 1, '11011': 1, '00111': 1, '01000': 3, '00110': 1}",True,0.9999990002721684,0.0,9.997278317686042e-07,1.0631022870543168,1.082879523969164
readout_mitigated,q0-q1,73,"X+,Z-->ZI",0.0003004556497694377,256.0,"{'00': 0.0, '01': 0.4998497721751153, '10': 0.5001502278248847, '11': 0.0}","{'01010': 1, '01001': 4, '00001': 122, '00010': 125, '00000': 2, '00011': 1, '00101': 1}",True,0.999998980446113,0.024760531776311,0.04952004399873501,1.0631022870543168,1.082879523969164
readout_mitigated,q0-q1,74,"X+,Y+->ZI",-0.056414883859560616,256.0,"{'00': 0.2555612740557176, '01': 0.268100287171667, '10': 0.2162312840145021, '11': 0.2601071547581133}","{'01011': 1, '00010': 55, '01000': 1, '00000': 66, '00001': 67, '00011': 66}",True,0.9999990002315887,0.0,9.997684112528216e-07,1.0631022870543168,1.082879523969164
readout_mitigated,q0-q1,75,"Y+,Z-->ZI",-0.005298604512298268,256.0,"{'00': 0.0, '01': 0.501413431196224, '10': 0.4973506977438508, '11': 0.001235871059925089}","{'00010': 119, '01010': 3, '01001': 3, '00001': 121, '00011': 3, '00000': 4, '00110': 1, '00101': 1, '01011': 1}",True,0.9999989811486097,0.008050660754995739,0.016100302658601295,1.0631022870543168,1.082879523969164
readout_mitigated,q0-q1,76,"Y+,Y+->ZI",-0.015980032376128134,256.0,"{'00': 0.18455382580775956, '01': 0.3049632100558755, '10': 0.3074561580041764, '11': 0.2030268061321886}","{'00010': 77, '00001': 76, '00011': 53, '01000': 2, '00000': 48}",True,0.999998995656137,0.0,1.004343863020285e-06,1.0631022870543168,1.082879523969164
readout_mitigated,q0-q1,77,"X+,Z+->ZI",-0.04167137517374192,256.0,"{'00': 0.479164312413129, '01': 0.0, '10': 0.0, '11': 0.5208356875868709}","{'01000': 1, '00000': 117, '00011': 130, '00010': 3, '01011': 2, '10000': 2, '00100': 1}",True,0.9999990183663876,0.006092634787475425,0.012184287941338488,1.0631022870543168,1.082879523969164
readout_mitigated,q0-q1,78,"Y+,Z+->ZI",0.04789166790868926,256.0,"{'00': 0.5215267585728691, '01': 0.015955676654038742, '10': 0.0024190753814755574, '11': 0.4600984893916167}","{'00011': 113, '00000': 131, '01011': 3, '00010': 4, '00001': 5}",True,0.9999990184181794,0.0,9.815818206582172e-07,1.0631022870543168,1.082879523969164
readout_mitigated,q0-q1,79,"Z+,X+->IZ",-0.11330270079574103,256.0,"{'00': 0.4225626268344155, '01': 0.020786022767714043, '10': 0.547543912763346, '11': 0.00910743763452452}","{'01000': 1, '00000': 109, '00010': 130, '01010': 6, '00001': 6, '00011': 4}",True,0.9999990047654714,0.0,9.952345285668684e-07,1.0631022870543168,1.082879523969164
readout_mitigated,q1-q2,0,"Z-,Y+->ZY",0.9758694768954208,256.0,"{'00': 0.0, '01': 3.291965194241019e-05, '10': 0.012032341900347139, '11': 0.9879347384477104}","{'00110': 240, '00111': 3, '01110': 7, '00010': 1, '00100': 5}",True,0.9999990078539733,4.858470151542356e-05,9.617725700426795e-05,1.0363487486086074,1.0404520489858942
readout_mitigated,q1-q2,1,"X+,X+->XI",0.999789315707178,256.0,"{'00': 0.5099093773923983, '01': 0.0, '10': 0.4899852804611908, '11': 0.00010534214641101802}","{'00100': 119, '00000': 129, '01100': 1, '00011': 1, '00110': 2, '00101': 3, '00010': 1}",True,0.9999989961624172,0.0001593811235470824,0.0003177584095112295,1.0363487486086074,1.0404520489858942
readout_mitigated,q1-q2,2,"Z-,Z+->ZZ",0.9677723968891377,256.0,"{'00': 0.0039043474149505785, '01': 1.778998448878075e-05, '10': 0.016096011570942335, '11': 0.9799818510296183}","{'00110': 236, '00111': 6, '00100': 6, '01110': 6, '00000': 1, '00010': 1}",True,0.9999990077567049,0.0,9.92243295083739e-07,1.0363487486086074,1.0404520489858942
readout_mitigated,q1-q2,3,"X+,Z+->YY",-0.9970236030514839,256.0,"{'00': 0.0, '01': 0.5211905743063852, '10': 0.4773212272193567, '11': 0.001488198474258093}","{'00100': 117, '00010': 126, '00000': 2, '01010': 3, '00011': 2, '01100': 3, '00110': 3}",True,0.9999989942150252,0.0022453226377337947,0.0044896394904928305,1.0363487486086074,1.0404520489858942
readout_mitigated,q1-q2,4,"X+,Y+->YZ",0.9939481260000613,256.0,"{'00': 0.4202931402447798, '01': 0.0, '10': 0.0030259369999693793, '11': 0.5766809227552508}","{'00110': 143, '01000': 2, '00000': 104, '00100': 2, '00111': 2, '00010': 2, '01110': 1}",True,0.9999990063218034,0.0010341546177267697,0.0020673155572568116,1.0363487486086074,1.0404520489858942
readout_mitigated,q1-q2,5,"Z-,Y+->ZI",-1.0,256.0,"{'00': 0.0, '01': 0.5497872751973271, '10': 0.0, '11': 0.4502127248026729}","{'00110': 115, '00010': 137, '01010': 1, '00000': 2, '00011': 1}",True,0.9999990036504847,0.004415928832284557,0.00883086131505392,1.0363487486086074,1.0404520489858942
readout_mitigated,q1-q2,6,"X+,Z+->XY",0.050555645443720265,256.0,"{'00': 0.26890595629755465, '01': 0.2536573840955657, '10': 0.22106479318257416, '11': 0.2563718664243055}","{'00110': 64, '00000': 68, '00100': 55, '00010': 62, '00011': 2, '01100': 1, '00111': 2, '01010': 1, '01000': 1}",True,0.9999990004758912,0.0,9.995241088134321e-07,1.0363487486086074,1.0404520489858942
readout_mitigated,q1-q2,7,"X+,Z-->XY",0.018045244066425825,256.0,"{'00': 0.23761194992295323, '01': 0.2102715214742416, '10': 0.28070585649254554, '11': 0.2714106721102597}","{'00110': 69, '00000': 59, '00010': 54, '00100': 68, '00001': 1, '10000': 1, '01110': 1, '00101': 2, '01100': 1}",True,0.9999989997594044,0.0,1.000240595627755e-06,1.0363487486086074,1.0404520489858942
readout_mitigated,q1-q2,8,"Z+,Y+->IZ",0.011859586342893635,256.0,"{'00': 0.5059297931714468, '01': 0.0, '10': 0.4940702068285532, '11': 0.0}","{'00100': 123, '00000': 128, '00010': 2, '00001': 1, '00101': 1, '01100': 1}",True,0.9999989960007392,0.008000978086908032,0.01600095217455533,1.0363487486086074,1.0404520489858942
readout_mitigated,q1-q2,9,"X+,X+->YZ",-0.013995761850051691,256.0,"{'00': 0.26452289899677894, '01': 0.2777427170046466, '10': 0.22925516392037928, '11': 0.22847922007819524}","{'00110': 55, '00010': 67, '01000': 1, '00000': 65, '00100': 57, '10010': 1, '01110': 3, '01010': 3, '01100': 1, '00001': 2, '00111': 1}",True,0.9999990001317376,0.0,9.998682624079436e-07,1.0363487486086074,1.0404520489858942
readout_mitigated,q1-q2,10,"X+,Y+->ZY",0.9850593395058229,256.0,"{'00': 0.5270145901778901, '01': 0.0, '10': 0.007470330247088592, '11': 0.4655150795750213}","{'01000': 2, '00000': 131, '00110': 112, '00010': 2, '00100': 3, '00111': 1, '01110': 5}",True,0.9999990057973653,0.002300408475370895,0.0045998227481072835,1.0363487486086074,1.0404520489858942
readout_mitigated,q1-q2,11,"Y+,Y+->ZY",0.9958641326196347,256.0,"{'00': 0.5218023229107964, '01': 0.0, '10': 0.0020679336901826837, '11': 0.47612974339902087}","{'00110': 118, '01000': 5, '00000': 127, '00100': 2, '00111': 3, '00010': 1}",True,0.9999990059277849,0.006270052440554848,0.012539110808894628,1.0363487486086074,1.0404520489858942
readout_mitigated,q1-q2,12,"X+,Z+->XX",0.9878693981147793,256.0,"{'00': 0.4959354058594397, '01': 0.006049098359068547, '10': 1.62025835418007e-05, '11': 0.49799929319794994}","{'01000': 1, '00000': 123, '00110': 122, '01110': 3, '00010': 4, '00111': 1, '00100': 1, '00001': 1}",True,0.9999990060241781,0.0,9.939758218724393e-07,1.0363487486086074,1.0404520489858942
readout_mitigated,q1-q2,13,"Y+,Z+->YX",0.9877898456478658,256.0,"{'00': 0.5257445930277148, '01': 0.0, '10': 0.006105077176067143, '11': 0.4681503297962181}","{'01000': 3, '00000': 128, '00110': 113, '01110': 5, '10110': 1, '00100': 2, '00001': 2, '00010': 1, '01100': 1}",True,0.9999990058305164,0.006301294353995184,0.01260159453850666,1.0363487486086074,1.0404520489858942
readout_mitigated,q1-q2,14,"X+,Y+->XX",0.9855292430764782,256.0,"{'00': 0.46771890951470235, '01': 0.0, '10': 0.007235378461760896, '11': 0.5250457120235368}","{'00110': 128, '01000': 1, '00000': 115, '01110': 3, '00010': 2, '00001': 2, '00111': 2, '00100': 2, '01100': 1}",True,0.9999990060438094,0.0015879015844840949,0.0031748092127775757,1.0363487486086074,1.0404520489858942
readout_mitigated,q1-q2,15,"Y+,Y+->YX",1.0,256.0,"{'00': 0.542593334204054, '01': 0.0, '10': 0.0, '11': 0.4574066657959461}","{'00110': 112, '01000': 4, '00000': 131, '01110': 4, '00010': 2, '00100': 1, '00001': 2}",True,0.9999990058933249,0.0025229274048449418,0.0050448607030147315,1.0363487486086074,1.0404520489858942
readout_mitigated,q1-q2,16,"X+,X+->XX",0.9813940916547115,256.0,"{'00': 0.9895208993507543, '01': 0.0, '10': 0.009302954172644292, '11': 0.0011761464766014964}","{'01000': 2, '00000': 244, '00100': 3, '00010': 2, '00001': 4, '00110': 1}",True,0.9999990038751041,0.007857962224287935,0.0157149283236798,1.0363487486086074,1.0404520489858942
readout_mitigated,q1-q2,17,"Y+,X+->YX",0.9918284066646992,256.0,"{'00': 0.9919874548918981, '01': 0.004085796667650447, '10': 0.0, '11': 0.003926748440451454}","{'01000': 4, '00000': 242, '00110': 1, '00001': 4, '00010': 5}",True,0.999999004018168,3.136530006639788e-05,6.173461830084767e-05,1.0363487486086074,1.0404520489858942
readout_mitigated,q1-q2,18,"X+,Z-->XX",1.0,256.0,"{'00': 0.5109063173742665, '01': 0.0, '10': 0.0, '11': 0.48909368262573355}","{'01000': 2, '00000': 126, '10110': 1, '00110': 120, '00001': 1, '01110': 3, '00010': 2, '00100': 1}",True,0.9999990060247618,0.0021429237297053132,0.0042848534841722664,1.0363487486086074,1.0404520489858942
readout_mitigated,q1-q2,19,"Y+,Z-->YX",0.9853726085529264,256.0,"{'00': 0.4874841364024316, '01': 0.0, '10': 0.00731369572353682, '11': 0.5052021678740316}","{'00110': 125, '01000': 4, '00000': 119, '10110': 1, '00100': 3, '00010': 2, '01110': 2}",True,0.9999990059616614,0.00182540388144636,0.0036498137245540635,1.0363487486086074,1.0404520489858942
readout_mitigated,q1-q2,20,"Y+,X+->YI",0.9996152054391039,256.0,"{'00': 0.48197211955766317, '01': 0.00019239728044807256, '10': 0.5178354831618888, '11': 0.0}","{'01000': 5, '00000': 116, '00100': 126, '00010': 2, '00001': 1, '00110': 2, '01100': 2, '00101': 2}",True,0.9999989957115518,0.0002846081886986509,0.0005682120889491389,1.0363487486086074,1.0404520489858942
readout_mitigated,q1-q2,21,"Z+,Y+->IY",1.0,256.0,"{'00': 1.0, '01': 0.0, '10': 0.0, '11': 0.0}","{'01000': 4, '00000': 246, '00001': 4, '00010': 1, '00100': 1}",True,0.9999990040042145,0.012096605762854982,0.02419221552992447,1.0363487486086074,1.0404520489858942
readout_mitigated,q1-q2,22,"Z+,Y+->ZY",0.9881879649493372,256.0,"{'00': 0.9940939824746686, '01': 0.0, '10': 0.0059060175253314254, '11': 0.0}","{'01000': 3, '00000': 248, '00001': 1, '00010': 1, '00100': 3}",True,0.9999990038753956,0.012095585684669948,0.02419017524473543,1.0363487486086074,1.0404520489858942
readout_mitigated,q1-q2,23,"Z-,Y+->IY",-0.9760561083322338,256.0,"{'00': 0.0, '01': 0.011971945833883101, '10': 0.012063583747704039, '11': 0.9759644704184128}","{'00110': 240, '00010': 4, '10110': 1, '00111': 2, '00100': 3, '01110': 4, '10100': 1, '01100': 1}",True,0.9999990077545208,0.0002394791627644878,0.00047796608004975244,1.0363487486086074,1.0404520489858942
readout_mitigated,q1-q2,24,"Z-,X+->ZX",-1.0,256.0,"{'00': 0.0, '01': 1.0, '10': 0.0, '11': 0.0}","{'00010': 247, '00011': 2, '10010': 1, '00000': 1, '01010': 3, '00110': 2}",True,0.9999989998877119,0.012065108702640418,0.02412921729299271,1.0363487486086074,1.0404520489858942
readout_mitigated,q1-q2,25,"Y+,Y+->XZ",-0.9997726393338234,256.0,"{'00': 0.00011368033308831399, '01': 0.47999311675707146, '10': 0.5198932029098403, '11': 0.0}","{'00010': 118, '00100': 129, '10100': 1, '00011': 1, '00001': 1, '01010': 2, '00000': 2, '00110': 1, '01100': 1}",True,0.9999989936408767,0.006205150139337057,0.01240929391955091,1.0363487486086074,1.0404520489858942
readout_mitigated,q1-q2,26,"Y+,Z+->XY",0.9799011635691652,256.0,"{'00': 0.5078732843607946, '01': 0.0019382282386250162, '10': 0.008111189976792438, '11': 0.4820772974237881}","{'00110': 117, '01000': 1, '00000': 126, '00010': 3, '01110': 3, '00100': 3, '00111': 2, '00001': 1}",True,0.9999990058463626,0.0,9.941536375812111e-07,1.0363487486086074,1.0404520489858942
readout_mitigated,q1-q2,27,"X+,Z-->YY",1.0,256.0,"{'00': 0.5109063173742665, '01': 0.0, '10': 0.0, '11': 0.48909368262573355}","{'00110': 123, '00100': 1, '01000': 3, '00000': 123, '00001': 3, '00010': 2, '01110': 1}",True,0.9999990060247618,0.0021429237297053132,0.0042848534841722664,1.0363487486086074,1.0404520489858942
readout_mitigated,q1-q2,28,"Y+,Z-->XY",-1.0,256.0,"{'00': 0.0, '01': 0.5119899376268241, '10': 0.48801006237317596, '11': 0.0}","{'00100': 120, '00010': 125, '01100': 3, '00011': 3, '00000': 1, '00110': 1, '01010': 2, '00101': 1}",True,0.99999899394125,0.012121788182197986,0.024242570305645954,1.0363487486086074,1.0404520489858942
readout_mitigated,q1-q2,29,"Z-,Z-->ZZ",-1.0,256.0,"{'00': 0.0, '01': 1.0, '10': 0.0, '11': 0.0}","{'00010': 247, '01010': 3, '00000': 2, '00011': 4}",True,0.9999989998381316,0.012129496880286101,0.024257993598703714,1.0363487486086074,1.0404520489858942
readout_mitigated,q1-q2,30,"Z-,Z+->IZ",-1.0,256.0,"{'00': 0.0, '01': 0.0, '10': 0.0, '11': 1.0}","{'01111': 1, '00110': 247, '01110': 2, '10110': 1, '00111': 3, '00100': 1, '00010': 1}",True,0.999999008177329,0.0040322862262557975,0.008063580629840654,1.0363487486086074,1.0404520489858942
readout_mitigated,q1-q2,31,"Z+,Z-->IZ",-0.9999989801119971,256.0,"{'00': 2.5713677419522906e-07, '01': 2.528072273124158e-07, '10': 0.9999992124403673, '11': 2.776156312160605e-07}","{'00100': 248, '00110': 4, '01100': 3, '00000': 1}",True,0.999998987984328,1.9669069800350766e-10,1.0120156720694329e-06,1.0363487486086074,1.0404520489858942
readout_mitigated,q1-q2,32,"Z+,Z-->ZZ",-0.984154554233864,256.0,"{'00': 0.007922722883068018, '01': 0.0, '10': 0.992077277116932, '11': 0.0}","{'00100': 241, '00000': 4, '01100': 5, '00101': 4, '00110': 1, '00111': 1}",True,0.9999989880158779,0.008001237240681717,0.016001462497241353,1.0363487486086074,1.0404520489858942
readout_mitigated,q1-q2,33,"Z+,X+->IX",0.996093720123596,256.0,"{'00': 0.998046860061798, '01': 0.0, '10': 0.0, '11': 0.0019531399382020573}","{'01000': 3, '00000': 246, '00001': 3, '00110': 1, '00010': 3}",True,0.9999990040516105,0.004032473203211755,0.008063950458033979,1.0363487486086074,1.0404520489858942
readout_mitigated,q1-q2,34,"Z+,X+->ZX",0.9960619636959591,256.0,"{'00': 0.9980309818479796, '01': 0.0, '10': 0.0019690181520204625, '11': 0.0}","{'01000': 5, '00000': 245, '10000': 1, '00001': 1, '01010': 1, '00100': 1, '00010': 2}",True,0.9999990039707717,0.004031840105905076,0.00806268418258183,1.0363487486086074,1.0404520489858942
readout_mitigated,q1-q2,35,"X+,X+->IX",0.9958813780148357,256.0,"{'00': 0.5201887176232886, '01': 0.4777519713841292, '10': 0.0, '11': 0.0020593109925821124}","{'00010': 116, '00000': 131, '00011': 1, '01001': 1, '00001': 1, '01010': 5, '00110': 1}",True,0.9999990020617744,1.6447750900009666e-05,3.189756357453094e-05,1.0363487486086074,1.0404520489858942
readout_mitigated,q1-q2,36,"Y+,X+->IX",0.9880604692988357,256.0,"{'00': 0.5081444041016924, '01': 0.4858858305477255, '10': 0.0, '11': 0.005969765350582091}","{'00010': 118, '01000': 2, '00000': 126, '00011': 4, '00001': 1, '10000': 1, '01010': 2, '00110': 2}",True,0.9999990020447614,4.768968340235805e-05,9.438141156620819e-05,1.0363487486086074,1.0404520489858942
readout_mitigated,q1-q2,37,"Z-,X+->IX",1.0,256.0,"{'00': 0.002008726684199002, '01': 0.997991273315801, '10': 0.0, '11': 0.0}","{'00010': 243, '00000': 5, '10010': 1, '00011': 4, '01010': 3}",True,0.9999989998882954,0.003952867149664029,0.007904734187623455,1.0363487486086074,1.0404520489858942
readout_mitigated,q1-q2,38,"X+,Z-->ZZ",-0.9596244714219777,256.0,"{'00': 0.006437774192792144, '01': 0.4659778551383335, '10': 0.5138343805726554, '11': 0.013749990096219068}","{'01100': 3, '00011': 1, '00010': 114, '00100': 123, '00000': 4, '00110': 5, '01010': 2, '10100': 1, '00101': 2, '01110': 1}",True,0.9999989939187286,0.0,1.0060812715177378e-06,1.0363487486086074,1.0404520489858942
readout_mitigated,q1-q2,39,"Y+,Z-->ZZ",-0.9971493359024852,256.0,"{'00': 0.0, '01': 0.5132529441289606, '10': 0.48532172382228195, '11': 0.001425332048757424}","{'00100': 117, '00010': 126, '00110': 3, '00101': 4, '00000': 2, '01010': 1, '01100': 1, '00011': 2}",True,0.9999989941196492,0.002150449269350231,0.004299892658349703,1.0363487486086074,1.0404520489858942
readout_mitigated,q1-q2,40,"X+,Z+->ZZ",0.9640588030716906,256.0,"{'00': 0.543418494470858, '01': 0.013497123235633726, '10': 0.004473475228521057, '11': 0.43861090706498723}","{'01000': 3, '00000': 132, '00110': 104, '00010': 6, '00111': 2, '01001': 1, '00001': 1, '01110': 4, '10110': 1, '00100': 2}",True,0.9999990056798824,0.0,9.94320117631009e-07,1.0363487486086074,1.0404520489858942
readout_mitigated,q1-q2,41,"Y+,Z+->ZZ",0.9962224820937327,256.0,"{'00': 0.531718947102003, '01': 0.0016207083745909871, '10': 0.0002680505785427794, '11': 0.4663922939448634}","{'01000': 3, '00000': 129, '00110': 116, '00010': 3, '10000': 1, '00001': 1, '01110': 2, '00100': 1}",True,0.9999990059094629,0.0,9.94090537221042e-07,1.0363487486086074,1.0404520489858942
readout_mitigated,q1-q2,42,"Z-,Z-->IZ",1.0,256.0,"{'00': 0.0, '01': 1.0, '10': 0.0, '11': 0.0}","{'00010': 249, '01010': 4, '00011': 3}",True,0.999998999804689,0.020226524590602663,0.04045204898589422,1.0363487486086074,1.0404520489858942
readout_mitigated,q1-q2,43,"Z+,Z+->IZ",0.9841454055792542,256.0,"{'00': 0.9919869858409475, '01': 8.571694867950257e-05, '10': 0.007927297210372927, '11': 0.0}","{'00010': 4, '01000': 3, '00000': 242, '00001': 5, '00100': 2}",True,0.9999990038896411,0.00012649822534612897,0.0002520003403334277,1.0363487486086074,1.0404520489858942
readout_mitigated,q1-q2,44,"Z+,Z+->ZZ",1.0,256.0,"{'00': 1.0, '01': 0.0, '10': 0.0, '11': 0.0}","{'01000': 7, '00000': 242, '00010': 2, '00001': 4, '00100': 1}",True,0.9999990039874932,0.00806422293438003,0.016127449856253268,1.0363487486086074,1.0404520489858942
readout_mitigated,q1-q2,45,"Z-,Z-->ZI",-0.9947077281927215,256.0,"{'00': 0.0, '01': 0.9947550290287379, '10': 0.0026461359036392654, '11': 0.002598835067622827}","{'10010': 1, '00011': 2, '00010': 241, '00100': 1, '01010': 6, '00000': 3, '00110': 2}",True,0.9999989998734665,0.003921409198022387,0.007841818269511327,1.0363487486086074,1.0404520489858942
readout_mitigated,q1-q2,46,"Z-,X+->ZI",-0.9900231195667597,256.0,"{'00': 0.004988440216620068, '01': 0.42374569817106456, '10': 0.0, '11': 0.5712658616123153}","{'00110': 142, '01011': 1, '00010': 102, '01110': 3, '00011': 2, '01010': 2, '00000': 2, '00100': 1, '01000': 1}",True,0.9999990046140451,0.0005693551006436277,0.001137714815332454,1.0363487486086074,1.0404520489858942
readout_mitigated,q1-q2,47,"Z-,Z+->ZI",-0.9999784618045572,256.0,"{'00': 0.0, '01': 0.003980014130118641, '10': 1.0769097721393072e-05, '11': 0.9960092167721599}","{'00110': 250, '00100': 2, '00010': 1, '01110': 2, '10010': 1}",True,0.9999990080633392,6.363177992472688e-05,0.0001262716231886977,1.0363487486086074,1.0404520489858942
readout_mitigated,q1-q2,48,"Z+,Y+->ZZ",-0.05170699957019498,256.0,"{'00': 0.47414650021490257, '01': 0.0, '10': 0.5258534997850975, '11': 0.0}","{'01000': 2, '00000': 116, '00100': 129, '00001': 2, '10000': 1, '00101': 3, '00110': 2, '01100': 1}",True,0.9999989955517666,0.0080609118145061,0.0161208191807787,1.0363487486086074,1.0404520489858942
readout_mitigated,q1-q2,49,"X+,Y+->IZ",-0.009579681135357399,256.0,"{'00': 0.2166210413395028, '01': 0.2785891180928185, '10': 0.29715022936605884, '11': 0.20763961120161983}","{'00010': 69, '00000': 56, '00110': 54, '00100': 73, '01100': 2, '00011': 1, '01010': 1}",True,0.9999989989546315,0.0,1.0010453684317078e-06,1.0363487486086074,1.0404520489858942
readout_mitigated,q1-q2,50,"Y+,Y+->IZ",0.03760182668762915,256.0,"{'00': 0.22456338967250764, '01': 0.294237523671307, '10': 0.23308275282555574, '11': 0.24811633383062973}","{'00110': 63, '00010': 72, '00100': 57, '00000': 58, '01010': 2, '00111': 1, '01100': 1, '00101': 1, '10010': 1}",True,0.999999000082591,0.0,9.999174090946639e-07,1.0363487486086074,1.0404520489858942
readout_mitigated,q1-q2,51,"Y+,Z-->YY",-0.030187904723986997,256.0,"{'00': 0.25669506179447554, '01': 0.2659163530852898, '10': 0.24917759927670372, '11': 0.22821098584353097}","{'00010': 65, '00100': 60, '01000': 2, '00000': 63, '00011': 2, '00110': 59, '00101': 3, '00001': 1, '01010': 1}",True,0.9999989998598551,0.0,1.000140144924444e-06,1.0363487486086074,1.0404520489858942
readout_mitigated,q1-q2,52,"X+,Z-->YX",-0.013897063224485195,256.0,"{'00': 0.27676159245749804, '01': 0.24970782439354014, '10': 0.25724070721870246, '11': 0.21628987593025936}","{'01000': 2, '00000': 67, '00100': 64, '00010': 60, '00110': 54, '10110': 1, '01010': 4, '01100': 1, '00001': 2, '01110': 1}",True,0.9999989997486329,0.0,1.000251367067051e-06,1.0363487486086074,1.0404520489858942
readout_mitigated,q1-q2,53,"Y+,Z-->XX",-0.05447745779416863,256.0,"{'00': 0.24478727755462218, '01': 0.26212300282888035, '10': 0.265115726068204, '11': 0.22797399354829356}","{'00100': 67, '01000': 2, '00000': 60, '00001': 1, '00110': 55, '00010': 66, '00111': 2, '01110': 2, '00011': 1}",True,0.9999989996189391,0.0,1.0003810609893193e-06,1.0363487486086074,1.0404520489858942
readout_mitigated,q1-q2,54,"X+,X+->YX",0.14168236974599355,256.0,"{'00': 0.5686316778387509, '01': 0.4251921073791288, '10': 0.0039667077478744124, '11': 0.002209507034245894}","{'01000': 2, '00000': 138, '00010': 104, '10000': 1, '01010': 3, '00001': 4, '00110': 1, '00011': 1, '10010': 1, '00100': 1}",True,0.9999990022147421,0.0,9.977852578613167e-07,1.0363487486086074,1.0404520489858942
readout_mitigated,q1-q2,55,"Y+,X+->XX",-0.05778999786972043,256.0,"{'00': 0.4711050010651398, '01': 0.5216394043615588, '10': 0.007255594573301478, '11': 0.0}","{'01000': 2, '00000': 117, '00010': 127, '01010': 5, '00001': 2, '00100': 2, '00011': 1}",True,0.9999990017325917,0.002190950956236975,0.004380903645065687,1.0363487486086074,1.0404520489858942
readout_mitigated,q1-q2,56,"Z-,Y+->IZ",-0.023655155075295142,256.0,"{'00': 0.004207475336727449, '01': 0.483964947125625, '10': 0.003921320888081771, '11': 0.5079062566495658}","{'00010': 115, '00110': 125, '00011': 3, '01110': 4, '00100': 2, '01010': 4, '00000': 3}",True,0.9999990040359426,0.0,9.959640573931061e-07,1.0363487486086074,1.0404520489858942
readout_mitigated,q1-q2,57,"Y+,Z+->YY",0.0022966096600542663,256.0,"{'00': 0.2847791764442566, '01': 0.24559567902989618, '10': 0.2532560161400767, '11': 0.21636912838577055}","{'00100': 62, '00010': 61, '00110': 56, '01000': 1, '00000': 67, '01010': 2, '00001': 5, '01100': 1, '00101': 1}",True,0.9999989998297636,0.0,1.0001702364093035e-06,1.0363487486086074,1.0404520489858942
readout_mitigated,q1-q2,58,"X+,X+->YI",-0.020058501039742382,256.0,"{'00': 0.26890595629755465, '01': 0.2536573840955657, '10': 0.22106479318257416, '11': 0.2563718664243055}","{'00010': 62, '00110': 62, '00000': 69, '00111': 3, '00100': 55, '01010': 3, '01110': 1, '00101': 1}",True,0.9999990004758912,0.0,9.995241088134321e-07,1.0363487486086074,1.0404520489858942
readout_mitigated,q1-q2,59,"Y+,X+->XI",0.01992791453706455,256.0,"{'00': 0.22100409864027842, '01': 0.2545037851837376, '10': 0.2889598586282538, '11': 0.23553225754773005}","{'00000': 56, '00110': 60, '00100': 71, '00010': 61, '01100': 1, '00101': 1, '00001': 1, '01010': 3, '00011': 1, '01110': 1}",True,0.9999989992987852,0.0,1.0007012146706629e-06,1.0363487486086074,1.0404520489858942
readout_mitigated,q1-q2,60,"Z-,Y+->ZZ",-0.05066462710933162,256.0,"{'00': 0.0, '01': 0.5226132745131461, '10': 0.0027190390415197632, '11': 0.4746676864453342}","{'01110': 1, '00010': 126, '00110': 118, '00111': 2, '00011': 2, '00100': 2, '01010': 4, '00000': 1}",True,0.9999990037372928,0.00436684624218404,0.008732696221660813,1.0363487486086074,1.0404520489858942
readout_mitigated,q1-q2,61,"Z+,X+->IY",-0.06197610175776749,256.0,"{'00': 0.46901194912111627, '01': 0.0, '10': 0.5246567131683818, '11': 0.006331337710501957}","{'01000': 2, '00000': 115, '00100': 127, '00010': 1, '01100': 3, '00001': 2, '00110': 4, '00101': 2}",True,0.999998995632314,0.0035389354946777874,0.007076866621669421,1.0363487486086074,1.0404520489858942
readout_mitigated,q1-q2,62,"Z+,X+->ZY",0.07177455809332983,256.0,"{'00': 0.5358872790466649, '01': 0.0, '10': 0.46411272095333506, '11': 0.0}","{'01000': 2, '00000': 132, '00100': 115, '00101': 1, '00010': 1, '01100': 1, '10000': 2, '00110': 2}",True,0.9999989965655943,0.004590321493631244,0.009179639552856897,1.0363487486086074,1.0404520489858942
readout_mitigated,q1-q2,63,"Z+,Y+->IX",0.02001973540393348,256.0,"{'00': 0.5100098677019668, '01': 0.0, '10': 0.4899901322980333, '11': 0.0}","{'01000': 3, '00000': 125, '00100': 120, '00101': 2, '00110': 2, '01100': 2, '00001': 2}",True,0.9999989961314505,0.008192394794235997,0.016383785719922404,1.0363487486086074,1.0404520489858942
readout_mitigated,q1-q2,64,"Z+,Y+->ZX",0.08771383253202503,256.0,"{'00': 0.5438569162660125, '01': 0.0, '10': 0.4561430837339875, '11': 0.0}","{'01000': 1, '00000': 135, '00100': 113, '00101': 1, '01100': 1, '00110': 2, '00001': 2, '00010': 1}",True,0.999998996694413,0.004717839504320385,0.00943467570305369,1.0363487486086074,1.0404520489858942
readout_mitigated,q1-q2,65,"X+,Z+->YX",0.042171701937050526,256.0,"{'00': 0.22929584628069205, '01': 0.24617939257307783, '10': 0.23273475645839692, '11': 0.2917900046878332}","{'00110': 72, '00010': 61, '01000': 1, '00000': 58, '00100': 58, '01110': 3, '00101': 1, '00011': 1, '01010': 1}",True,0.9999990004639723,0.0,9.99536027807002e-07,1.0363487486086074,1.0404520489858942
readout_mitigated,q1-q2,66,"Y+,Z+->XX",0.009912384310650502,256.0,"{'00': 0.2291361937577384, '01': 0.2542136814792255, '10': 0.24083012636544923, '11': 0.27581999839758686}","{'00010': 62, '00100': 60, '01111': 1, '00110': 69, '00000': 59, '00111': 1, '00101': 1, '01010': 1, '00011': 2}",True,0.9999990002359926,0.0,9.997640073589054e-07,1.0363487486086074,1.0404520489858942
readout_mitigated,q1-q2,67,"Z-,X+->ZY",-0.007980520014491788,256.0,"{'00': 0.0, '01': 0.5039794964035721, '10': 1.0763603673803513e-05, '11': 0.4960097399927541}","{'00110': 121, '00010': 123, '01110': 2, '00111': 3, '01010': 2, '00011': 2, '00100': 1, '00000': 2}",True,0.9999990039674564,6.361514534422227e-05,0.00012623425814501402,1.0363487486086074,1.0404520489858942
readout_mitigated,q1-q2,68,"Z-,X+->IY",-0.005080474032661153,256.0,"{'00': 0.0, '01': 0.4974597629836694, '10': 0.0013020987884754275, '11': 0.5012381382278551}","{'00010': 122, '00110': 122, '10110': 1, '00111': 5, '00100': 2, '00011': 4}",True,0.9999990039526276,0.007953936178219382,0.01590687630906653,1.0363487486086074,1.0404520489858942
readout_mitigated,q1-q2,69,"Z-,Y+->ZX",0.07953864073901867,256.0,"{'00': 0.0, '01': 0.46023067963049064, '10': 0.0, '11': 0.5397693203695093}","{'00110': 135, '00010': 113, '10110': 1, '00111': 1, '01010': 4, '00100': 1, '01110': 1}",True,0.9999990043318249,0.007712659554622726,0.015424323441070344,1.0363487486086074,1.0404520489858942
readout_mitigated,q1-q2,70,"Z-,Y+->IX",0.039309163453050466,256.0,"{'00': 0.007730933847801243, '01': 0.511923647878724, '10': 0.00417418891988722, '11': 0.4761712293535876}","{'10011': 1, '00010': 119, '00110': 119, '01110': 2, '00011': 4, '01010': 4, '00000': 4, '00100': 2, '10010': 1}",True,0.9999990037874569,0.0,9.96212543236119e-07,1.0363487486086074,1.0404520489858942
readout_mitigated,q1-q2,71,"X+,X+->ZI",-0.027740202415073356,256.0,"{'00': 0.26127016118356794, '01': 0.23376421413773762, '10': 0.2248597376088954, '11': 0.2801058870697991}","{'00010': 59, '00100': 56, '00110': 70, '00000': 65, '01110': 1, '01100': 1, '00011': 1, '00001': 1, '10001': 1, '00111': 1}",True,0.999999000593666,0.0,9.994063340790227e-07,1.0363487486086074,1.0404520489858942
readout_mitigated,q1-q2,72,"Y+,X+->ZI",-0.07651696146841258,256.0,"{'00': 0.2207530156808896, '01': 0.2823148835981797, '10': 0.24098850358490412, '11': 0.2559435971360266}","{'00010': 70, '00110': 66, '01000': 1, '00000': 56, '00100': 59, '00101': 1, '00011': 2, '01100': 1}",True,0.9999990000367955,0.0,9.99963204462162e-07,1.0363487486086074,1.0404520489858942
readout_mitigated,q1-q2,73,"X+,Z-->ZI",-0.03475355069052012,256.0,"{'00': 0.0, '01': 0.5146817011917505, '10': 0.48262322465473995, '11': 0.0026950741535095714}","{'00100': 117, '00010': 122, '00101': 3, '01100': 2, '00011': 3, '00110': 4, '01010': 4, '11010': 1}",True,0.9999989941193576,0.01015183847350019,0.020302671066357896,1.0363487486086074,1.0404520489858942
readout_mitigated,q1-q2,74,"X+,Y+->ZI",0.08412392927379997,256.0,"{'00': 0.2449758766871465, '01': 0.24224864192361498, '10': 0.2970860879497535, '11': 0.215689393439485}","{'00100': 74, '01000': 2, '00000': 61, '00010': 61, '00110': 55, '00011': 1, '00111': 1, '00101': 1}",True,0.9999989991379825,0.0,1.0008620174861704e-06,1.0363487486086074,1.0404520489858942
readout_mitigated,q1-q2,75,"Y+,Z-->ZI",-0.016094971549704715,256.0,"{'00': 0.0019297492382874377, '01': 0.5059366630657675, '10': 0.49002276498686015, '11': 0.002110822709084833}","{'00100': 123, '00010': 122, '10010': 2, '00011': 1, '00110': 3, '01010': 2, '00000': 3}",True,0.9999989940886824,0.0,1.0059113174079246e-06,1.0363487486086074,1.0404520489858942
readout_mitigated,q1-q2,76,"Y+,Y+->ZI",-0.06775110141414437,256.0,"{'00': 0.21353025135310685, '01': 0.23444802956429114, '10': 0.25259419793982096, '11': 0.29942752114278104}","{'00010': 57, '00110': 77, '01000': 2, '00000': 52, '01101': 1, '00100': 62, '00011': 2, '01010': 1, '00001': 1, '01100': 1}",True,0.9999990002249488,0.0,9.997750511359094e-07,1.0363487486086074,1.0404520489858942
readout_mitigated,q1-q2,77,"X+,Z+->ZI",-0.01040433574806321,256.0,"{'00': 0.4874841364024316, '01': 0.0, '10': 0.00731369572353682, '11': 0.5052021678740316}","{'00110': 124, '00000': 120, '00010': 2, '00001': 3, '00100': 3, '00111': 3, '01110': 1}",True,0.9999990059616614,0.00182540388144636,0.0036498137245540635,1.0363487486086074,1.0404520489858942
readout_mitigated,q1-q2,78,"Y+,Z+->ZI",0.0451575878705513,256.0,"{'00': 0.5151554540452526, '01': 0.0, '10': 0.0074233398900230224, '11': 0.4774212060647243}","{'01000': 2, '00000': 124, '00110': 118, '00001': 4, '00111': 1, '00010': 2, '00100': 3, '01110': 2}",True,0.9999990058466544,0.0021579070971935333,0.004314820041041415,1.0363487486086074,1.0404520489858942
readout_mitigated,q1-q2,79,"Z+,X+->IZ",-0.023956344459687307,256.0,"{'00': 0.48802182777015635, '01': 0.0, '10': 0.5119781722298437, '11': 0.0}","{'01000': 1, '00000': 122, '00100': 126, '00101': 2, '00001': 1, '01100': 1, '00010': 2, '00110': 1}",True,0.9999989957595314,0.004174234571359997,0.008347464902251585,1.0363487486086074,1.0404520489858942
readout_mitigated,q2-q3,0,"Z-,Y+->ZY",0.9753060557239318,256.0,"{'00': 0.0, '01': 0.0040711014353698016, '10': 0.008275870702664301, '11': 0.987653027861966}","{'01100': 238, '01000': 4, '01101': 4, '00100': 5, '01110': 4, '11100': 1}",True,0.9999990084147616,0.0003834494824687064,0.0007659073796989436,1.0823795216020966,1.1268883243290932
readout_mitigated,q2-q3,1,"X+,X+->XI",1.0,256.0,"{'00': 0.4635019166753832, '01': 0.0, '10': 0.5364980833246168, '11': 0.0}","{'01000': 129, '00000': 120, '01101': 1, '00001': 3, '01001': 2, '01100': 1}",True,0.9999989926591067,0.0064398254626132235,0.012878643584333315,1.0823795216020966,1.1268883243290932
readout_mitigated,q2-q3,2,"Z-,Z+->ZZ",0.9917354144866982,256.0,"{'00': 0.0039183560560933275, '01': 0.004097725469401992, '10': 3.456728724895129e-05, '11': 0.9919493511872558}","{'01100': 244, '01101': 3, '00100': 5, '00000': 1, '01000': 2, '01110': 1}",True,0.9999990089987377,0.0,9.910012623015607e-07,1.0823795216020966,1.1268883243290932
readout_mitigated,q2-q3,3,"X+,Z+->YY",-1.0,256.0,"{'00': 0.0, '01': 0.4966933628295553, '10': 0.5033066371704448, '11': 0.0}","{'00000': 1, '01000': 117, '00100': 126, '01010': 3, '01001': 4, '10100': 1, '00101': 1, '01100': 2, '11000': 1}",True,0.9999989749589246,0.031249640455656997,0.06249825587023851,1.0823795216020966,1.1268883243290932
readout_mitigated,q2-q3,4,"X+,Y+->YZ",0.9922559489846927,256.0,"{'00': 0.4721749956874763, '01': 0.003839611108160256, '10': 3.2414399493412883e-05, '11': 0.5239529788048701}","{'01000': 2, '00000': 115, '01100': 127, '00100': 4, '01101': 3, '00010': 1, '00001': 2, '10000': 1, '01110': 1}",True,0.9999990224028635,0.0,9.775971365755254e-07,1.0823795216020966,1.1268883243290932
readout_mitigated,q2-q3,5,"Z-,Y+->ZI",-1.0,256.0,"{'00': 0.0, '01': 0.5030491587989141, '10': 0.0, '11': 0.49695084120108596}","{'01101': 1, '00100': 123, '01100': 124, '00101': 3, '01110': 1, '00110': 2, '00000': 1, '01000': 1}",True,0.9999990041443448,0.002033662963776806,0.0040663300718984,1.0823795216020966,1.1268883243290932
readout_mitigated,q2-q3,6,"X+,Z+->XY",-0.099390731197361,256.0,"{'00': 0.2352610841307193, '01': 0.2546772097356865, '10': 0.29501815586299396, '11': 0.21504355027060015}","{'01100': 54, '01000': 71, '00000': 63, '00100': 64, '11100': 1, '10100': 1, '01110': 1, '01010': 1}",True,0.9999989970613915,0.0,1.0029386084409175e-06,1.0823795216020966,1.1268883243290932
readout_mitigated,q2-q3,7,"X+,Z-->XY",-0.032410354874701564,256.0,"{'00': 0.30008157518199696, '01': 0.2546599301481863, '10': 0.2615452472891645, '11': 0.18371324738065226}","{'01000': 62, '00000': 77, '01100': 48, '00100': 63, '01010': 2, '00010': 2, '00110': 1, '00101': 1}",True,0.9999990007562196,0.0,9.992437803862941e-07,1.0823795216020966,1.1268883243290932
readout_mitigated,q2-q3,8,"Z+,Y+->IZ",-0.06872842473506924,256.0,"{'00': 0.4656357876324654, '01': 0.0, '10': 0.5343642123675346, '11': 0.0}","{'01000': 126, '00000': 121, '00100': 1, '00010': 2, '01100': 2, '01001': 2, '01010': 2}",True,0.9999989928530929,0.002715034737169223,0.005429062327431499,1.0823795216020966,1.1268883243290932
readout_mitigated,q2-q3,9,"X+,X+->YZ",-0.03756790803207136,256.0,"{'00': 0.2453016046139233, '01': 0.28626291770889756, '10': 0.2325210363071381, '11': 0.235914441370041}","{'01000': 57, '00000': 63, '01100': 61, '00101': 1, '00100': 71, '00110': 1, '00010': 2}",True,0.9999990004873319,0.0,9.995126681039412e-07,1.0823795216020966,1.1268883243290932
readout_mitigated,q2-q3,10,"X+,Y+->ZY",1.0,256.0,"{'00': 0.5259300369917104, '01': 0.0, '10': 0.0, '11': 0.4740699630082896}","{'01000': 1, '00000': 130, '01100': 117, '00100': 3, '01101': 2, '00010': 3}",True,0.9999990242650203,0.004182720728791598,0.008364465722603598,1.0823795216020966,1.1268883243290932
readout_mitigated,q2-q3,11,"Y+,Y+->ZY",0.9919162167726456,256.0,"{'00': 0.4401760510233464, '01': 0.0, '10': 0.004041891613677166, '11': 0.5557820573629765}","{'01100': 137, '01000': 3, '00000': 108, '00001': 2, '00100': 3, '01110': 2, '00010': 1}",True,0.9999990213029285,0.0004172384662701062,0.0008334982354686925,1.0823795216020966,1.1268883243290932
readout_mitigated,q2-q3,12,"X+,Z+->XX",1.0,256.0,"{'00': 0.4721365979779131, '01': 0.0, '10': 0.0, '11': 0.527863402022087}","{'01000': 1, '00000': 116, '01100': 132, '00010': 3, '01101': 1, '00100': 2, '10000': 1}",True,0.9999990228342337,0.008545676240775915,0.017090375315785458,1.0823795216020966,1.1268883243290932
readout_mitigated,q2-q3,13,"Y+,Z+->YX",0.9886398407258954,256.0,"{'00': 0.5130143750953483, '01': 0.0, '10': 0.0056800796370522644, '11': 0.4813055452675994}","{'01000': 3, '00000': 127, '01100': 118, '00001': 3, '01010': 1, '00100': 1, '01110': 3}",True,0.9999990233019511,0.00786791847267354,0.0157348602472982,1.0823795216020966,1.1268883243290932
readout_mitigated,q2-q3,14,"X+,Y+->XX",0.9496793685410583,256.0,"{'00': 0.5312098840210042, '01': 0.01665248886121725, '10': 0.008507826868253621, '11': 0.4436298002495249}","{'01000': 4, '00000': 130, '01100': 107, '01101': 4, '00100': 7, '00001': 2, '00010': 2}",True,0.9999990235066446,0.0,9.764933554534672e-07,1.0823795216020966,1.1268883243290932
readout_mitigated,q2-q3,15,"Y+,Y+->YX",0.9416761623810439,256.0,"{'00': 0.519256574011356, '01': 0.020620883916379954, '10': 0.008541034893098076, '11': 0.45158150717916595}","{'01100': 111, '01000': 4, '00000': 129, '00100': 7, '00010': 2, '01110': 2, '00110': 1}",True,0.9999990231255337,0.0,9.768744664347823e-07,1.0823795216020966,1.1268883243290932
readout_mitigated,q2-q3,16,"X+,X+->XX",0.987412079916054,256.0,"{'00': 0.993706039958027, '01': 0.0, '10': 0.0062939600419730434, '11': 0.0}","{'01000': 4, '00000': 246, '00010': 2, '00001': 3, '00100': 1}",True,0.9999990370044275,0.004083187696940823,0.008165412398309032,1.0823795216020966,1.1268883243290932
readout_mitigated,q2-q3,17,"Y+,X+->YX",0.9608188169584275,256.0,"{'00': 0.9780778165684624, '01': 0.0, '10': 0.01959059152078628, '11': 0.002331591910751417}","{'01000': 7, '00000': 245, '00100': 1, '00001': 1, '01100': 1, '00010': 1}",True,0.9999990358453542,0.0038930483145338136,0.007785132474421732,1.0823795216020966,1.1268883243290932
readout_mitigated,q2-q3,18,"X+,Z-->XX",0.9919956821442748,256.0,"{'00': 0.4880464158482323, '01': 0.0039686643496879125, '10': 3.349457817473662e-05, '11': 0.5079514252239051}","{'01100': 119, '01000': 1, '00000': 117, '00100': 4, '01101': 1, '01110': 7, '00010': 3, '00001': 3, '01010': 1}",True,0.999999022855838,0.0,9.771441620287646e-07,1.0823795216020966,1.1268883243290932
readout_mitigated,q2-q3,19,"Y+,Z-->YX",1.0,256.0,"{'00': 0.4900729415322743, '01': 0.0, '10': 0.0, '11': 0.5099270584677257}","{'01000': 1, '00000': 121, '01100': 119, '01110': 5, '00100': 3, '01101': 4, '00001': 1, '00010': 2}",True,0.999999023245828,0.004316339469605779,0.008631702185039537,1.0823795216020966,1.1268883243290932
readout_mitigated,q2-q3,20,"Y+,X+->YI",1.0,256.0,"{'00': 0.4965863165225709, '01': 0.0, '10': 0.5034136834774291, '11': 0.0}","{'00000': 128, '01000': 118, '01001': 3, '00001': 1, '01010': 3, '00010': 3}",True,0.9999989953258632,0.014028333372705457,0.028055662071274277,1.0823795216020966,1.1268883243290932
readout_mitigated,q2-q3,21,"Z+,Y+->IY",1.0,256.0,"{'00': 1.0, '01': 0.0, '10': 0.0, '11': 0.0}","{'01000': 2, '00000': 248, '00001': 4, '00100': 1, '00011': 1}",True,0.9999990377016471,0.0040665955000117986,0.008132228701670753,1.0823795216020966,1.1268883243290932
readout_mitigated,q2-q3,22,"Z+,Y+->ZY",0.9790929899584342,256.0,"{'00': 0.9895464949792171, '01': 0.0, '10': 0.01045350502078292, '11': 0.0}","{'01000': 5, '00000': 246, '00010': 2, '00001': 1, '10000': 1, '00100': 1}",True,0.9999990366558175,0.004132865146424084,0.00826476694866574,1.0823795216020966,1.1268883243290932
readout_mitigated,q2-q3,23,"Z-,Y+->IY",-0.9960354529219173,256.0,"{'00': 0.0, '01': 0.0019822735390413984, '10': 0.0, '11': 0.9980177264609587}","{'01100': 242, '01101': 3, '00100': 5, '01110': 4, '11100': 1, '01000': 1}",True,0.9999990091208603,0.004150604138275642,0.008300217397411463,1.0823795216020966,1.1268883243290932
readout_mitigated,q2-q3,24,"Z-,X+->ZX",-1.0,256.0,"{'00': 0.0, '01': 1.0, '10': 0.0, '11': 0.0}","{'00100': 243, '00110': 3, '10100': 1, '00101': 6, '01100': 3}",True,0.999998999093948,0.012199959394745951,0.024398917883439942,1.0823795216020966,1.1268883243290932
readout_mitigated,q2-q3,25,"Y+,Y+->XZ",-1.0,256.0,"{'00': 0.0, '01': 0.4174117939781176, '10': 0.5825882060218824, '11': 0.0}","{'00000': 4, '01000': 132, '00100': 103, '01010': 5, '01001': 4, '11000': 1, '01110': 1, '01100': 2, '00010': 1, '00101': 3}",True,0.9999989723210355,0.01347008991580598,0.026939152152647392,1.0823795216020966,1.1268883243290932
readout_mitigated,q2-q3,26,"Y+,Z+->XY",0.9888382813922529,256.0,"{'00': 0.47720688980250164, '01': 0.0, '10': 0.00558085930387351, '11': 0.5172122508936249}","{'01000': 4, '00000': 119, '01100': 125, '11110': 1, '01101': 2, '00100': 1, '00010': 1, '11100': 1, '01110': 1, '00001': 1}",True,0.9999990222827586,0.008158288520908951,0.016315599324576407,1.0823795216020966,1.1268883243290932
readout_mitigated,q2-q3,27,"X+,Z-->YY",0.9668569816429684,256.0,"{'00': 0.4836951133168987, '01': 0.008134959164017226, '10': 0.008436550014498593, '11': 0.4997333775045855}","{'01100': 123, '01000': 4, '00000': 119, '00100': 5, '01110': 2, '00010': 2, '00001': 1}",True,0.9999990222304815,0.0,9.777695184655377e-07,1.0823795216020966,1.1268883243290932
readout_mitigated,q2-q3,28,"Y+,Z-->XY",-1.0,256.0,"{'00': 0.0, '01': 0.47230535783665556, '10': 0.5276946421633444, '11': 0.0}","{'00000': 2, '01000': 128, '00100': 116, '01001': 2, '00110': 2, '01100': 3, '10100': 1, '00101': 2}",True,0.999998974184998,0.023844453332878594,0.047687880850755086,1.0823795216020966,1.1268883243290932
readout_mitigated,q2-q3,29,"Z-,Z-->ZZ",-0.9836924696870031,256.0,"{'00': 7.716491057995224e-05, '01': 0.9918462348435015, '10': 0.0, '11': 0.008076600245918528}","{'00100': 245, '00110': 3, '01100': 5, '00000': 2, '00010': 1}",True,0.9999989996405795,6.803743352199486e-05,0.00013507450762345027,1.0823795216020966,1.1268883243290932
readout_mitigated,q2-q3,30,"Z-,Z+->IZ",-0.9998659837545787,256.0,"{'00': 6.700812271070394e-05, '01': 0.0, '10': 0.0, '11': 0.9999329918772893}","{'01100': 247, '01101': 2, '00100': 4, '00000': 1, '11100': 1, '01110': 1}",True,0.9999990095108504,0.008470086093629264,0.01693918169810888,1.0823795216020966,1.1268883243290932
readout_mitigated,q2-q3,31,"Z+,Z-->IZ",-1.0,256.0,"{'00': 0.0, '01': 0.0, '10': 1.0, '11': 0.0}","{'00000': 2, '01000': 249, '01001': 1, '01010': 3, '01100': 1}",True,0.9999989502419426,0.05075573306286758,0.10151041636767778,1.0823795216020966,1.1268883243290932
readout_mitigated,q2-q3,32,"Z+,Z-->ZZ",-1.0,256.0,"{'00': 0.0, '01': 0.0, '10': 1.0, '11': 0.0}","{'00000': 1, '01000': 252, '01010': 3}",True,0.9999989496579664,0.059225880460344896,0.1184507105786563,1.0823795216020966,1.1268883243290932
readout_mitigated,q2-q3,33,"Z+,X+->IX",0.99168655257736,256.0,"{'00': 0.9958365455415382, '01': 6.730747141839646e-06, '10': 0.004156723711320007, '11': 0.0}","{'01000': 3, '00000': 243, '00100': 2, '00010': 5, '00001': 3}",True,0.9999990371984134,8.410248444607687e-05,0.00016724216730563339,1.0823795216020966,1.1268883243290932
readout_mitigated,q2-q3,34,"Z+,X+->ZX",0.987412079916054,256.0,"{'00': 0.993706039958027, '01': 0.0, '10': 0.0062939600419730434, '11': 0.0}","{'00010': 3, '01000': 4, '00000': 246, '00001': 2, '00100': 1}",True,0.9999990370044275,0.004083187696940823,0.008165412398309032,1.0823795216020966,1.1268883243290932
readout_mitigated,q2-q3,35,"X+,X+->IX",0.9877714826583505,256.0,"{'00': 0.5060669629527114, '01': 0.48781877837646387, '10': 0.0, '11': 0.00611425867082479}","{'00100': 121, '01000': 1, '00000': 125, '01100': 3, '00010': 1, '00001': 3, '00101': 1, '00110': 1}",True,0.9999990188464272,0.00010162319946336713,0.0002022652453538822,1.0823795216020966,1.1268883243290932
readout_mitigated,q2-q3,36,"Y+,X+->IX",1.0,256.0,"{'00': 0.5593053487114165, '01': 0.4406946512885835, '10': 0.0, '11': 0.0}","{'01000': 1, '00000': 137, '00100': 111, '00010': 3, '00001': 2, '10000': 1, '00101': 1}",True,0.9999990208870195,0.005785631998205079,0.01157028488342964,1.0823795216020966,1.1268883243290932
readout_mitigated,q2-q3,37,"Z-,X+->IX",0.9797369828919598,256.0,"{'00': 0.0, '01': 0.9898684914459799, '10': 0.0, '11': 0.010131508554020143}","{'00100': 242, '00101': 1, '10100': 2, '00110': 3, '01100': 6, '00000': 2}",True,0.999998999527336,0.003936651973055979,0.007872303473447858,1.0823795216020966,1.1268883243290932
readout_mitigated,q2-q3,38,"X+,Z-->ZZ",-0.9846048796734146,256.0,"{'00': 0.0, '01': 0.5073808508659332, '10': 0.48492158897077403, '11': 0.007697560163292755}","{'00000': 6, '01000': 113, '00100': 125, '01100': 6, '01010': 1, '01001': 3, '00110': 1, '00101': 1}",True,0.9999989774494529,0.0014994004671518794,0.0029977783837567776,1.0823795216020966,1.1268883243290932
readout_mitigated,q2-q3,39,"Y+,Z-->ZZ",-1.0,256.0,"{'00': 0.0, '01': 0.4519759231705606, '10': 0.5480240768294394, '11': 0.0}","{'01100': 5, '00000': 2, '01000': 132, '00100': 109, '00101': 3, '01001': 1, '01010': 1, '00110': 3}",True,0.9999989734918137,0.019610355065882372,0.03921968362357835,1.0823795216020966,1.1268883243290932
readout_mitigated,q2-q3,40,"X+,Z+->ZZ",0.9658580330419142,256.0,"{'00': 0.5072680307341316, '01': 0.00033154219209457787, '10': 0.016739441286948396, '11': 0.4756609857868255}","{'01100': 114, '11100': 2, '00010': 2, '01000': 4, '00000': 126, '01110': 2, '01101': 1, '00100': 3, '01001': 2}",True,0.9999990225219709,0.0,9.774780291293972e-07,1.0823795216020966,1.1268883243290932
readout_mitigated,q2-q3,41,"Y+,Z+->ZZ",0.9919956821442748,256.0,"{'00': 0.4880464158482323, '01': 0.0039686643496879125, '10': 3.349457817473662e-05, '11': 0.5079514252239051}","{'01000': 2, '00000': 120, '01100': 124, '01101': 2, '00100': 4, '00001': 2, '01110': 1, '00010': 1}",True,0.999999022855838,0.0,9.771441620287646e-07,1.0823795216020966,1.1268883243290932
readout_mitigated,q2-q3,42,"Z-,Z-->IZ",0.9635076964071773,256.0,"{'00': 0.0, '01': 0.9817538482035887, '10': 0.0, '11': 0.018246151796411387}","{'00100': 240, '01100': 8, '00001': 1, '00101': 2, '00110': 4, '00000': 1}",True,0.9999989996100963,0.0039051984712243797,0.007809396552544966,1.0823795216020966,1.1268883243290932
readout_mitigated,q2-q3,43,"Z+,Z+->IZ",0.9624548100431947,256.0,"{'00': 0.9812274050215973, '01': 0.0, '10': 0.01877259497840267, '11': 0.0}","{'01000': 7, '00000': 241, '10000': 1, '00001': 3, '00010': 3, '00100': 1}",True,0.9999990359585977,0.0042322200453906115,0.008463476049378938,1.0823795216020966,1.1268883243290932
readout_mitigated,q2-q3,44,"Z+,Z+->ZZ",0.9500456925575436,256.0,"{'00': 0.9750228462787718, '01': 3.8679484576131927e-05, '10': 0.024938474236652106, '11': 0.0}","{'01000': 8, '00000': 242, '00001': 2, '00100': 2, '00010': 2}",True,0.999999035455364,0.0005046055901973092,0.0010082466357586015,1.0823795216020966,1.1268883243290932
readout_mitigated,q2-q3,45,"Z-,Z-->ZI",-1.0,256.0,"{'00': 0.0, '01': 0.993950482982748, '10': 0.0, '11': 0.006049517017251991}","{'00100': 246, '00110': 2, '01100': 6, '00101': 1, '10100': 1}",True,0.9999989992180884,0.011904355757849856,0.023807710733788165,1.0823795216020966,1.1268883243290932
readout_mitigated,q2-q3,46,"Z-,X+->ZI",-1.0,256.0,"{'00': 0.0, '01': 0.4908771939353273, '10': 0.0, '11': 0.5091228060646726}","{'01100': 124, '01101': 4, '00100': 120, '00110': 2, '00101': 3, '01110': 1, '01000': 1, '00000': 1}",True,0.9999990042684852,0.0019525845095392912,0.0039041732875638845,1.0823795216020966,1.1268883243290932
readout_mitigated,q2-q3,47,"Z-,Z+->ZI",-1.0,256.0,"{'00': 0.0, '01': 0.0019822735390413984, '10': 0.0, '11': 0.9980177264609587}","{'01100': 238, '00101': 1, '01110': 6, '00100': 4, '01101': 4, '11100': 2, '01000': 1}",True,0.9999990091208603,0.004150604138275642,0.008300217397411463,1.0823795216020966,1.1268883243290932
readout_mitigated,q2-q3,48,"Z+,Y+->ZZ",-0.04415507482879244,256.0,"{'00': 0.4779224625856038, '01': 0.0, '10': 0.5220775374143962, '11': 0.0}","{'00000': 123, '01000': 124, '00010': 2, '00100': 1, '01010': 2, '01001': 1, '11000': 1, '10000': 1, '00001': 1}",True,0.9999989937767999,0.010547610228729442,0.0210942142342588,1.0823795216020966,1.1268883243290932
readout_mitigated,q2-q3,49,"X+,Y+->IZ",0.08860752297084573,256.0,"{'00': 0.2220478781772487, '01': 0.32225588330817406, '10': 0.20771765750239923, '11': 0.24797858101217785}","{'01100': 62, '01101': 1, '00100': 80, '00000': 58, '01000': 49, '00010': 1, '01010': 1, '01001': 1, '00101': 2, '01110': 1}",True,0.9999990008476466,0.0,9.99152353214905e-07,1.0823795216020966,1.1268883243290932
readout_mitigated,q2-q3,50,"Y+,Y+->IZ",-0.04998202195811374,256.0,"{'00': 0.22926022813985253, '01': 0.2457487608810906, '10': 0.24891838918417936, '11': 0.2760726217948775}","{'01100': 71, '00100': 61, '00101': 2, '01000': 60, '00000': 58, '00010': 2, '01001': 1, '00001': 1}",True,0.9999989995066938,0.0,1.0004933062024435e-06,1.0823795216020966,1.1268883243290932
readout_mitigated,q2-q3,51,"Y+,Z-->YY",-0.00735966903298621,256.0,"{'00': 0.2724558245679175, '01': 0.24223853201658738, '10': 0.2614413024999057, '11': 0.22386434091558938}","{'01100': 57, '00000': 71, '01000': 63, '01101': 1, '00100': 60, '01010': 1, '00001': 1, '00110': 1, '00101': 1}",True,0.9999990000876547,0.0,9.99912345200915e-07,1.0823795216020966,1.1268883243290932
readout_mitigated,q2-q3,52,"X+,Z-->YX",-0.0316295543534473,256.0,"{'00': 0.252467314699729, '01': 0.25427277042360324, '10': 0.26154200675312045, '11': 0.2317179081235474}","{'01100': 59, '00110': 3, '00000': 67, '01000': 62, '00100': 62, '01110': 1, '01010': 1, '11000': 1}",True,0.9999989993972963,0.0,1.0006027038045318e-06,1.0823795216020966,1.1268883243290932
readout_mitigated,q2-q3,53,"Y+,Z-->XX",-0.10717578927757557,256.0,"{'00': 0.24734911718610605, '01': 0.266836181487355, '10': 0.2867517131514327, '11': 0.19906298817510615}","{'00000': 66, '01000': 68, '00100': 65, '01100': 49, '00101': 2, '10100': 1, '01110': 3, '01010': 2}",True,0.9999989977477146,0.0,1.002252285386973e-06,1.0823795216020966,1.1268883243290932
readout_mitigated,q2-q3,54,"X+,X+->YX",-0.021309173725548802,256.0,"{'00': 0.4847687714078815, '01': 0.5106545868627744, '10': 0.0, '11': 0.004576641729344133}","{'00100': 125, '00000': 123, '00110': 3, '00001': 1, '00101': 1, '01100': 3}",True,0.9999990182672948,0.004083518275534693,0.008166054818363962,1.0823795216020966,1.1268883243290932
readout_mitigated,q2-q3,55,"Y+,X+->XX",-0.07408035038826015,256.0,"{'00': 0.4615060922428298, '01': 0.5242843991836665, '10': 0.012755776010463503, '11': 0.0014537325630401042}","{'01000': 4, '00000': 114, '00100': 128, '10100': 1, '00101': 2, '00010': 2, '00110': 1, '00001': 2, '01100': 2}",True,0.9999990165222273,0.0,9.834777726092092e-07,1.0823795216020966,1.1268883243290932
readout_mitigated,q2-q3,56,"Z-,Y+->IZ",-0.13996526076521393,256.0,"{'00': 0.0, '01': 0.43001736961739306, '10': 0.0, '11': 0.569982630382607}","{'00100': 107, '00101': 2, '01110': 3, '01100': 141, '00000': 1, '01000': 1, '00110': 1}",True,0.9999990048891876,0.0017166832458022988,0.003432371380792089,1.0823795216020966,1.1268883243290932
readout_mitigated,q2-q3,57,"Y+,Z+->YY",-0.03974183455336178,256.0,"{'00': 0.22849333315756332, '01': 0.2541458771305131, '10': 0.2657250401461678, '11': 0.25163574956575585}","{'01100': 62, '01000': 64, '00000': 59, '10000': 1, '01010': 1, '01101': 3, '00100': 65, '00010': 1}",True,0.9999989984824684,0.0,1.0015175317956704e-06,1.0823795216020966,1.1268883243290932
readout_mitigated,q2-q3,58,"X+,X+->YI",0.004095555339179324,256.0,"{'00': 0.25755027894577565, '01': 0.21745162258040332, '10': 0.24449749872381404, '11': 0.280500599750007}","{'01100': 68, '00000': 67, '01000': 59, '01101': 2, '00100': 54, '01010': 1, '10100': 1, '00101': 1, '01110': 2, '00010': 1}",True,0.9999990008244264,0.0,9.991755736127317e-07,1.0823795216020966,1.1268883243290932
readout_mitigated,q2-q3,59,"Y+,X+->XI",-0.14835725439652664,256.0,"{'00': 0.2310313359406151, '01': 0.2774033153719405, '10': 0.19479003686112156, '11': 0.2967753118263228}","{'01000': 47, '00000': 61, '01100': 71, '01101': 3, '00100': 69, '00101': 2, '01110': 2, '01011': 1}",True,0.9999990022354144,0.0,9.977645855085981e-07,1.0823795216020966,1.1268883243290932
readout_mitigated,q2-q3,60,"Z-,Y+->ZZ",0.051744720951781786,256.0,"{'00': 0.0049546637656773624, '01': 0.4741276395241091, '10': 0.0, '11': 0.5209176967102135}","{'01100': 130, '01101': 1, '00100': 120, '00110': 1, '00000': 3, '01110': 1}",True,0.9999990048958595,0.00438834229434829,0.008775689484556143,1.0823795216020966,1.1268883243290932
readout_mitigated,q2-q3,61,"Z+,X+->IY",-0.06467707669161382,256.0,"{'00': 0.4676614616541931, '01': 0.0, '10': 0.5323385383458069, '11': 0.0}","{'01000': 129, '00000': 120, '01100': 2, '00010': 3, '01010': 1, '00001': 1}",True,0.9999989930077168,0.006390148013129964,0.01277928903397672,1.0823795216020966,1.1268883243290932
readout_mitigated,q2-q3,62,"Z+,X+->ZY",-0.054746837012967925,256.0,"{'00': 0.46717238658548044, '01': 0.0001756171101364272, '10': 0.5271978013963475, '11': 0.0054541949080355884}","{'01000': 122, '00000': 118, '00010': 3, '01100': 4, '01001': 2, '01010': 4, '00001': 1, '00100': 1, '10000': 1}",True,0.9999989933238256,0.0,1.0066761744198516e-06,1.0823795216020966,1.1268883243290932
readout_mitigated,q2-q3,63,"Z+,Y+->IX",-0.09833735648867514,256.0,"{'00': 0.45083132175566243, '01': 0.0, '10': 0.5491686782443376, '11': 0.0}","{'00000': 118, '01000': 133, '00001': 1, '01010': 2, '00010': 2}",True,0.9999989914911543,0.01457478531702134,0.02914856212519707,1.0823795216020966,1.1268883243290932
readout_mitigated,q2-q3,64,"Z+,Y+->ZX",-0.054280656538798655,256.0,"{'00': 0.4728596717306007, '01': 0.0021066486710322025, '10': 0.5250336795983671, '11': 0.0}","{'01000': 126, '00000': 123, '11000': 1, '01010': 1, '01100': 1, '00010': 2, '00100': 2}",True,0.9999989935089326,0.006596291761296528,0.013191577031525632,1.0823795216020966,1.1268883243290932
readout_mitigated,q2-q3,65,"X+,Z+->YX",-0.0022480117745892203,256.0,"{'00': 0.2553459787647872, '01': 0.19406081120057314, '10': 0.3070631946867215, '11': 0.2435300153479182}","{'01000': 74, '00000': 68, '01100': 62, '00100': 47, '01110': 1, '00101': 2, '10100': 1, '11000': 1}",True,0.999998997542213,0.0,1.0024577870026974e-06,1.0823795216020966,1.1268883243290932
readout_mitigated,q2-q3,66,"Y+,Z+->XX",0.04952970069878218,256.0,"{'00': 0.2845904975001025, '01': 0.2098805286264667, '10': 0.26535462102414226, '11': 0.24017435284928862}","{'00010': 1, '00000': 73, '01000': 64, '01100': 59, '00100': 53, '01010': 1, '00001': 1, '00101': 1, '01110': 1, '01101': 1, '11100': 1}",True,0.9999990005230606,0.0,9.994769394339187e-07,1.0823795216020966,1.1268883243290932
readout_mitigated,q2-q3,67,"Z-,X+->ZY",0.05667730611367011,256.0,"{'00': 0.0, '01': 0.46963834850835057, '10': 0.002022998434814351, '11': 0.528338653056835}","{'01100': 128, '01101': 2, '00100': 117, '00101': 3, '01110': 4, '01000': 2}",True,0.9999990041267761,0.005770410196740047,0.011539824520256326,1.0823795216020966,1.1268883243290932
readout_mitigated,q2-q3,68,"Z-,X+->IY",-0.15626373121166887,256.0,"{'00': 0.0, '01': 0.42186813439416554, '10': 0.0, '11': 0.5781318656058344}","{'01100': 141, '01101': 2, '00100': 107, '00101': 2, '01110': 2, '11100': 2}",True,0.9999990050526905,0.00968688387872214,0.019372772810134786,1.0823795216020966,1.1268883243290932
readout_mitigated,q2-q3,69,"Z-,Y+->ZX",-0.03855689056739314,256.0,"{'00': 0.0, '01': 0.5192784452836966, '10': 0.0, '11': 0.48072155471630346}","{'01100': 121, '01101': 1, '00100': 131, '01000': 1, '00000': 1, '00110': 1}",True,0.9999990039788242,0.002232642561481777,0.0044642891017876735,1.0823795216020966,1.1268883243290932
readout_mitigated,q2-q3,70,"Z-,Y+->IX",-0.01020015284862652,256.0,"{'00': 0.0, '01': 0.4948999235756868, '10': 0.0, '11': 0.5051000764243133}","{'01101': 1, '00100': 125, '01100': 126, '00110': 1, '01110': 2, '00101': 1}",True,0.9999990043078476,0.009969965395206531,0.019938935098260585,1.0823795216020966,1.1268883243290932
readout_mitigated,q2-q3,71,"X+,X+->ZI",-0.02725202713826891,256.0,"{'00': 0.2251400334201368, '01': 0.21746026237415345, '10': 0.2612339530107287, '11': 0.296165751194981}","{'01100': 75, '00100': 55, '00000': 57, '01000': 61, '00010': 3, '01001': 2, '01010': 1, '00101': 1, '01101': 1}",True,0.9999989989770124,0.0,1.0010229875012655e-06,1.0823795216020966,1.1268883243290932
readout_mitigated,q2-q3,72,"Y+,X+->ZI",0.0275433352763626,256.0,"{'00': 0.28175847331184234, '01': 0.22557551270770765, '10': 0.23201319432633893, '11': 0.260652819654111}","{'01000': 55, '00000': 74, '01100': 66, '01101': 1, '00100': 58, '01001': 1, '01010': 1}",True,0.9999990021272266,0.0,9.978727733561676e-07,1.0823795216020966,1.1268883243290932
readout_mitigated,q2-q3,73,"X+,Z-->ZI",0.05139011076494743,256.0,"{'00': 0.0, '01': 0.4743049446175263, '10': 0.5256950553824737, '11': 0.0}","{'00000': 1, '01000': 127, '00100': 121, '01010': 1, '01001': 2, '01100': 3, '00101': 1}",True,0.999998974030374,0.027911123200302177,0.05582122043097829,1.0823795216020966,1.1268883243290932
readout_mitigated,q2-q3,74,"X+,Y+->ZI",0.011246957444049688,256.0,"{'00': 0.28602790269880174, '01': 0.24166845625571934, '10': 0.21959557602322316, '11': 0.25270806502225585}","{'00000': 73, '01000': 50, '01100': 63, '01101': 1, '00100': 61, '00110': 1, '01001': 2, '00001': 1, '11000': 1, '01010': 1, '01110': 1, '00010': 1}",True,0.9999990027810485,0.0,9.972189515261576e-07,1.0823795216020966,1.1268883243290932
readout_mitigated,q2-q3,75,"Y+,Z-->ZI",0.010461661106792697,256.0,"{'00': 0.0, '01': 0.49476916944660365, '10': 0.5052308305533963, '11': 0.0}","{'00000': 4, '01000': 117, '00100': 122, '01100': 2, '01010': 5, '01001': 2, '00101': 2, '00110': 2}",True,0.9999989756167821,0.0188974936712864,0.03779396295935483,1.0823795216020966,1.1268883243290932
readout_mitigated,q2-q3,76,"Y+,Y+->ZI",-0.05142674238839995,256.0,"{'00': 0.22982503855353387, '01': 0.21316059442142138, '10': 0.2444615902522662, '11': 0.3125527767727786}","{'01100': 78, '01000': 58, '00000': 59, '11110': 1, '01101': 1, '00100': 55, '01001': 1, '00010': 1, '01010': 1, '10000': 1}",True,0.9999990000731013,0.0,9.999268986982113e-07,1.0823795216020966,1.1268883243290932
readout_mitigated,q2-q3,77,"X+,Z+->ZI",0.06771448511548717,256.0,"{'00': 0.5338572425577436, '01': 0.0, '10': 0.0, '11': 0.4661427574422564}","{'01000': 2, '00000': 133, '01100': 115, '00100': 2, '01101': 1, '00001': 2, '01110': 1}",True,0.9999990242975215,0.003806334953077375,0.007611694203676259,1.0823795216020966,1.1268883243290932
readout_mitigated,q2-q3,78,"Y+,Z+->ZI",0.09570034615037715,256.0,"{'00': 0.5268907097449637, '01': 0.0046247302995140824, '10': 0.020959463330224963, '11': 0.4475250966252974}","{'01000': 7, '00000': 131, '01100': 109, '01101': 1, '00100': 4, '01110': 2, '00001': 1, '00010': 1}",True,0.9999990228114424,0.0,9.771885576270734e-07,1.0823795216020966,1.1268883243290932
readout_mitigated,q2-q3,79,"Z+,X+->IZ",-0.11062403144181343,256.0,"{'00': 0.4446879842790933, '01': 0.0, '10': 0.5553120157209067, '11': 0.0}","{'01000': 133, '00000': 118, '01001': 2, '11000': 1, '00001': 1, '01100': 1}",True,0.9999989910293009,0.010656337738267069,0.02131166650583499,1.0823795216020966,1.1268883243290932
readout_mitigated,q3-q4,0,"Z-,Y+->ZY",0.9918577251837362,256.0,"{'00': 0.0, '01': 1.1131510244300368e-05, '10': 0.004060005897887621, '11': 0.995928862591868}","{'10000': 4, '11000': 244, '01000': 1, '11010': 6, '11100': 1}",True,0.9999990082226935,1.6195542929099373e-05,3.139930855179578e-05,1.0429927831571872,1.0570713612597942
readout_mitigated,q3-q4,1,"X+,X+->XI",0.9988929228925437,256.0,"{'00': 0.5256270593033775, '01': 0.0, '10': 0.4738194021428945, '11': 0.0005535385537281633}","{'01000': 1, '00000': 129, '11000': 3, '00001': 2, '10000': 117, '10100': 1, '00010': 2, '00100': 1}",True,0.9999989965194159,0.0002055753647688661,0.00041014724895341173,1.0429927831571872,1.0570713612597942
readout_mitigated,q3-q4,2,"Z-,Z+->ZZ",0.9714958515318424,256.0,"{'00': 0.0, '01': 0.0, '10': 0.014252074234078862, '11': 0.9857479257659212}","{'10000': 7, '11000': 242, '11001': 2, '11010': 3, '11100': 2}",True,0.9999990079582523,0.0039215607846084,0.007842129527469018,1.0429927831571872,1.0570713612597942
readout_mitigated,q3-q4,3,"X+,Z+->YY",-1.0,256.0,"{'00': 0.0, '01': 0.5417449889708152, '10': 0.4582550110291847, '11': 0.0}","{'01010': 1, '01001': 2, '10000': 114, '10001': 1, '00000': 3, '01000': 135}",True,0.9999989924178108,0.010999490786909727,0.021997973991630226,1.0429927831571872,1.0570713612597942
readout_mitigated,q3-q4,4,"X+,Y+->YZ",0.975317208715893,256.0,"{'00': 0.5235268414472887, '01': 0.005884893774947006, '10': 0.0064565018671064464, '11': 0.46413176291065783}","{'11010': 1, '11001': 1, '01000': 3, '00000': 130, '10000': 3, '00001': 1, '11000': 115, '00010': 2}",True,0.9999990079144458,0.0,9.92085554152311e-07,1.0429927831571872,1.0570713612597942
readout_mitigated,q3-q4,5,"Z-,Y+->ZI",-0.9757485822801997,256.0,"{'00': 0.0012694052832907846, '01': 0.5555932807701709, '10': 0.010856303576609426, '11': 0.432281010369929}","{'10000': 4, '01010': 2, '11000': 106, '00000': 2, '11010': 3, '01000': 139}",True,0.9999990033796194,0.0,9.966203806685645e-07,1.0429927831571872,1.0570713612597942
readout_mitigated,q3-q4,6,"X+,Z+->XY",-0.0401968852957208,256.0,"{'00': 0.21251754557692776, '01': 0.2502275919121267, '10': 0.26987085073573375, '11': 0.26738401177521187}","{'00000': 53, '11001': 2, '01000': 62, '01001': 2, '11000': 64, '10000': 66, '00010': 2, '10010': 1, '11010': 3, '10001': 1}",True,0.99999899952687,0.0,1.000473130119417e-06,1.0429927831571872,1.0570713612597942
readout_mitigated,q3-q4,7,"X+,Z-->XY",0.03190487531686109,256.0,"{'00': 0.24828148281310577, '01': 0.22622834874290268, '10': 0.25781921359866683, '11': 0.2676709548453248}","{'01010': 1, '00001': 3, '11000': 67, '10000': 61, '01000': 57, '00000': 61, '10100': 1, '10010': 2, '11100': 1, '11010': 1, '10001': 1}",True,0.9999990000102839,0.0,9.999897163104343e-07,1.0429927831571872,1.0570713612597942
readout_mitigated,q3-q4,8,"Z+,Y+->IZ",0.019607835059066086,256.0,"{'00': 0.49796293983858186, '01': 0.011840977690951193, '10': 0.4818266207589257, '11': 0.008369461711541255}","{'10001': 3, '01000': 4, '00000': 121, '00001': 2, '11000': 5, '10000': 116, '00010': 4, '10010': 1}",True,0.9999989962342444,0.0,1.0037657557360191e-06,1.0429927831571872,1.0570713612597942
readout_mitigated,q3-q4,9,"X+,X+->YZ",-0.11923026295621289,256.0,"{'00': 0.22742452276662253, '01': 0.3372812961726221, '10': 0.2223338353054844, '11': 0.21296034575527104}","{'11010': 1, '00000': 58, '01000': 84, '01010': 2, '11000': 53, '10000': 55, '10010': 1, '00101': 1, '11100': 1}",True,0.9999989999524194,0.0,1.0000475807458997e-06,1.0429927831571872,1.0570713612597942
readout_mitigated,q3-q4,10,"X+,Y+->ZY",0.9992628075657994,256.0,"{'00': 0.40892389102464666, '01': 0.0, '10': 0.0003685962171002047, '11': 0.5907075127582531}","{'01000': 1, '11001': 5, '11010': 3, '00000': 97, '10000': 2, '00001': 5, '11000': 140, '00010': 2, '11100': 1}",True,0.9999990081570995,0.0016212405956528382,0.0032414893484051894,1.0429927831571872,1.0570713612597942
readout_mitigated,q3-q4,11,"Y+,Y+->ZY",0.9767423977001709,256.0,"{'00': 0.4369128882272691, '01': 0.00622442342777198, '10': 0.005404377722142593, '11': 0.5514583106228164}","{'10000': 2, '11000': 138, '11010': 1, '01000': 3, '00000': 109, '10100': 1, '00100': 1, '00010': 1}",True,0.9999990079704879,0.0,9.920295121479406e-07,1.0429927831571872,1.0570713612597942
readout_mitigated,q3-q4,12,"X+,Z+->XX",0.9675434334323514,256.0,"{'00': 0.499888658883823, '01': 0.005993688142908487, '10': 0.010234595140915825, '11': 0.4838830578323527}","{'11001': 1, '01000': 3, '00000': 125, '10000': 4, '11000': 121, '00010': 2}",True,0.9999990078300639,0.0,9.921699361562994e-07,1.0429927831571872,1.0570713612597942
readout_mitigated,q3-q4,13,"Y+,Z+->YX",0.9841992304170524,256.0,"{'00': 0.4623373507874644, '01': 0.007900384791473775, '10': 0.0, '11': 0.5297622644210618}","{'00001': 1, '11000': 127, '11010': 4, '11001': 3, '01000': 4, '00000': 114, '00100': 3}",True,0.9999990082170975,0.006408388302043176,0.01281578482118388,1.0429927831571872,1.0570713612597942
readout_mitigated,q3-q4,14,"X+,Y+->XX",0.9428617001227706,256.0,"{'00': 0.5351804545423, '01': 0.017760668928409586, '10': 0.01080848101020513, '11': 0.43625039551908523}","{'11001': 2, '01000': 5, '00000': 134, '01010': 1, '10000': 4, '11000': 107, '00010': 1, '00100': 1, '11010': 1}",True,0.9999990077034666,0.0,9.922965333863942e-07,1.0429927831571872,1.0570713612597942
readout_mitigated,q3-q4,15,"Y+,Y+->YX",0.9894046103489276,256.0,"{'00': 0.5467190101226835, '01': 0.0052976948255362075, '10': 0.0, '11': 0.4479832950517803}","{'10000': 1, '00001': 1, '11000': 111, '11010': 2, '01000': 3, '00000': 138}",True,0.9999990080984936,0.0013868756045153328,0.0027727593075242757,1.0429927831571872,1.0570713612597942
readout_mitigated,q3-q4,16,"X+,X+->XX",0.97609460185155,256.0,"{'00': 0.9880470530319052, '01': 0.01195244692053853, '10': 2.5215368654109494e-07, '11': 2.47893869739228e-07}","{'01000': 5, '00000': 245, '00100': 2, '00010': 2, '00001': 2}",True,0.9999990078437406,1.451951037140471e-10,9.92156259371768e-07,1.0429927831571872,1.0570713612597942
readout_mitigated,q3-q4,17,"Y+,X+->YX",0.9681220874251328,256.0,"{'00': 0.9840610437125664, '01': 0.007967961866266153, '10': 0.007970994421167393, '11': 0.0}","{'00010': 1, '01000': 3, '00000': 244, '10000': 1, '01010': 1, '00001': 4, '10010': 1, '00100': 1}",True,0.9999990076815128,0.00019129569113158788,0.0003815990637760997,1.0429927831571872,1.0570713612597942
readout_mitigated,q3-q4,18,"X+,Z-->XX",0.9431856065715367,256.0,"{'00': 0.499809206505786, '01': 0.009994705312994281, '10': 0.018412491401237404, '11': 0.4717835967799824}","{'00001': 2, '10000': 6, '11000': 116, '01000': 4, '11001': 2, '00000': 121, '00100': 3, '00010': 1, '11010': 1}",True,0.9999990075961748,0.0,9.924038252839829e-07,1.0429927831571872,1.0570713612597942
readout_mitigated,q3-q4,19,"Y+,Z-->YX",0.9581316664080668,256.0,"{'00': 0.4285291741274539, '01': 0.0, '10': 0.02093416679596659, '11': 0.5505366590765794}","{'10000': 7, '11000': 135, '01000': 1, '11010': 2, '11001': 2, '00000': 108, '00100': 1}",True,0.9999990076460322,0.0016174296949247905,0.0032338670358818744,1.0429927831571872,1.0570713612597942
readout_mitigated,q3-q4,20,"Y+,X+->YI",0.9973973696633409,256.0,"{'00': 0.40759423135124595, '01': 0.001301315168329592, '10': 0.5911044534804245, '11': 0.0}","{'11000': 1, '00001': 3, '10000': 143, '01000': 2, '00000': 99, '10010': 3, '00010': 2, '00100': 1, '10001': 1, '10100': 1}",True,0.9999989935687507,0.010186480800337867,0.020371955169426414,1.0429927831571872,1.0570713612597942
readout_mitigated,q3-q4,21,"Z+,Y+->IY",0.9920286707909534,256.0,"{'00': 0.9920301790879353, '01': 0.003984156307541349, '10': 0.00398566460452337, '11': 0.0}","{'01000': 3, '00000': 245, '00010': 5, '10000': 1, '00001': 1, '00100': 1}",True,0.9999990078106411,9.564794375100892e-05,0.00019030369814309147,1.0429927831571872,1.0570713612597942
readout_mitigated,q3-q4,22,"Z+,Y+->ZY",0.9681241197757251,256.0,"{'00': 0.9840620598878626, '01': 0.01195227550954931, '10': 0.003985664602588139, '11': 0.0}","{'01000': 5, '00000': 239, '10000': 1, '00001': 6, '00010': 5}",True,0.9999990077466219,9.564790963412477e-05,0.0001903035658901551,1.0429927831571872,1.0570713612597942
readout_mitigated,q3-q4,23,"Z-,Y+->IY",-0.9843127417455835,256.0,"{'00': 0.0038901838619242414, '01': 0.003953445265284029, '10': 9.593318187352262e-05, '11': 0.9920604376909182}","{'10000': 3, '11000': 247, '11001': 1, '01000': 2, '11010': 1, '00000': 1, '11100': 1}",True,0.999999008285255,0.0,9.917147449911567e-07,1.0429927831571872,1.0570713612597942
readout_mitigated,q3-q4,24,"Z-,X+->ZX",-0.9760989973926097,256.0,"{'00': 0.011950501303695144, '01': 0.9800785045112366, '10': 0.007970994185068326, '11': 0.0}","{'00000': 6, '01000': 241, '01010': 3, '10000': 2, '01001': 1, '01100': 3}",True,0.9999989998711636,0.00019129152887172092,0.00038158292890706823,1.0429927831571872,1.0570713612597942
readout_mitigated,q3-q4,25,"Y+,Y+->XZ",-0.9354765965531885,256.0,"{'00': 0.004236589898209767, '01': 0.4781163729367789, '10': 0.48962192533981536, '11': 0.028025111825196063}","{'00000': 2, '10001': 1, '01000': 121, '11000': 10, '10000': 119, '10010': 2, '00010': 1}",True,0.9999989923076172,0.0,1.0076923827638876e-06,1.0429927831571872,1.0570713612597942
readout_mitigated,q3-q4,26,"Y+,Z+->XY",0.9920956042455676,256.0,"{'00': 0.48815711764094827, '01': 0.002038970470935211, '10': 0.0019132274062810184, '11': 0.5078906844818356}","{'10000': 2, '11000': 125, '11010': 1, '01000': 2, '00000': 118, '11100': 1, '00010': 2, '00100': 1, '11001': 1, '00001': 3}",True,0.999999008071595,0.0,9.919284050252664e-07,1.0429927831571872,1.0570713612597942
readout_mitigated,q3-q4,27,"X+,Z-->YY",0.9917716976582318,256.0,"{'00': 0.5078421070091345, '01': 0.001961804640747712, '10': 0.002152346530136434, '11': 0.48804374181998145}","{'10000': 2, '11000': 121, '11001': 1, '01000': 2, '00000': 128, '00010': 1, '11100': 1}",True,0.9999990080588583,0.0,9.919411417813606e-07,1.0429927831571872,1.0570713612597942
readout_mitigated,q3-q4,28,"Y+,Z-->XY",-0.9960608215687802,256.0,"{'00': 0.0, '01': 0.5309250350817794, '10': 0.46710537570261085, '11': 0.001969589215609875}","{'01010': 1, '11000': 4, '10000': 115, '10001': 1, '01000': 133, '01100': 1, '10010': 1}",True,0.9999989923297916,0.008152543318581451,0.016304078966954516,1.0429927831571872,1.0570713612597942
readout_mitigated,q3-q4,29,"Z-,Z-->ZZ",-0.9999989514796963,256.0,"{'00': 2.7015119156460765e-07, '01': 0.9999992258978281, '10': 2.498420200978063e-07, '11': 2.5410896027798724e-07}","{'00000': 3, '01000': 243, '01010': 5, '01001': 3, '01100': 2}",True,0.999998999905353,1.8164164861722023e-10,1.0000946470134497e-06,1.0429927831571872,1.0570713612597942
readout_mitigated,q3-q4,30,"Z-,Z+->IZ",-1.0,256.0,"{'00': 0.0, '01': 0.0, '10': 0.0, '11': 1.0}","{'10000': 2, '11000': 251, '11001': 2, '11100': 1}",True,0.9999990084565825,0.00809764006158257,0.016194288579747695,1.0429927831571872,1.0570713612597942
readout_mitigated,q3-q4,31,"Z+,Z-->IZ",-1.0,256.0,"{'00': 0.0, '01': 0.0, '10': 1.0, '11': 0.0}","{'11000': 5, '10000': 247, '10001': 1, '00000': 1, '10010': 2}",True,0.999998983736853,0.004081189855170239,0.008161363447193435,1.0429927831571872,1.0570713612597942
readout_mitigated,q3-q4,32,"Z+,Z-->ZZ",-1.0,256.0,"{'00': 0.0, '01': 0.0, '10': 1.0, '11': 0.0}","{'11000': 3, '10000': 248, '10001': 1, '00000': 1, '10100': 2, '10010': 1}",True,0.9999989835375209,0.012243653143180952,0.02448628982388287,1.0429927831571872,1.0570713612597942
readout_mitigated,q3-q4,33,"Z+,X+->IX",0.9920286708006296,256.0,"{'00': 0.9721098810877536, '01': 0.023904454312561184, '10': 0.0039856645996852215, '11': 0.0}","{'00000': 241, '01000': 8, '10000': 1, '00001': 2, '00010': 2, '00100': 2}",True,0.9999990076505931,9.564785845879853e-05,0.0001903033675106139,1.0429927831571872,1.0570713612597942
readout_mitigated,q3-q4,34,"Z+,X+->ZX",0.9680617012981396,256.0,"{'00': 0.9801568619629886, '01': 0.01199950862434997, '10': 0.003969640726580214, '11': 0.0038739886860812067}","{'01000': 5, '00000': 243, '00010': 1, '10000': 1, '11000': 1, '00001': 2, '00100': 3}",True,0.9999990077491694,0.0,9.922508305559852e-07,1.0429927831571872,1.0570713612597942
readout_mitigated,q3-q4,35,"X+,X+->IX",0.9841855416354792,256.0,"{'00': 0.4861178669603776, '01': 0.505974903857362, '10': 0.0, '11': 0.007907229182260396}","{'00010': 6, '11001': 1, '01000': 128, '00000': 115, '00001': 2, '01010': 1, '11000': 1, '00100': 2}",True,0.9999990038796417,9.564568177846056e-05,0.00019029524319850343,1.0429927831571872,1.0570713612597942
readout_mitigated,q3-q4,36,"Y+,X+->IX",0.9920924365016339,256.0,"{'00': 0.5219432830009151, '01': 0.47410293524990194, '10': 0.0, '11': 0.003953781749183065}","{'00000': 133, '01000': 118, '01010': 1, '11000': 1, '01001': 2, '00100': 1}",True,0.9999990041331712,4.7821719055077676e-05,9.464757128128342e-05,1.0429927831571872,1.0570713612597942
readout_mitigated,q3-q4,37,"Z-,X+->IX",0.9999989920980392,256.0,"{'00': 2.7015119156460765e-07, '01': 0.9999992258978281, '10': 2.498420200978063e-07, '11': 2.5410896027798724e-07}","{'00000': 3, '01000': 246, '01001': 1, '01010': 6}",True,0.999998999905353,1.8164164861722023e-10,1.0000946470134497e-06,1.0429927831571872,1.0570713612597942
readout_mitigated,q3-q4,38,"X+,Z-->ZZ",-0.9815604544364183,256.0,"{'00': 0.009219772781790822, '01': 0.5232209982105043, '10': 0.46755922900770486, '11': 0.0}","{'00000': 5, '01000': 129, '11000': 1, '01010': 1, '01001': 3, '10000': 115, '10010': 1, '10100': 1}",True,0.9999989923861689,0.007221397868072301,0.014441788122313469,1.0429927831571872,1.0570713612597942
readout_mitigated,q3-q4,39,"Y+,Z-->ZZ",-1.0,256.0,"{'00': 0.0, '01': 0.47801946977132026, '10': 0.5219805302286797, '11': 0.0}","{'11000': 1, '01010': 4, '10000': 126, '10001': 3, '00000': 2, '01000': 117, '10010': 1, '10100': 1, '01001': 1}",True,0.999998991378613,0.00856046675786146,0.017119924894336093,1.0429927831571872,1.0570713612597942
readout_mitigated,q3-q4,40,"X+,Z+->ZZ",0.9829614213645003,256.0,"{'00': 0.5550390197580288, '01': 0.005745233074910579, '10': 0.002774056242839283, '11': 0.43644169092422136}","{'01000': 3, '11001': 2, '00000': 134, '10000': 1, '00001': 3, '11000': 108, '00100': 3, '00010': 1, '10100': 1}",True,0.9999990079937329,0.0,9.920062671864294e-07,1.0429927831571872,1.0570713612597942
readout_mitigated,q3-q4,41,"Y+,Z+->ZZ",0.9672843081624826,256.0,"{'00': 0.5156366503783719, '01': 0.00593195547875853, '10': 0.010425890440000203, '11': 0.4680055037028694}","{'11010': 2, '01000': 3, '00000': 125, '00001': 4, '10000': 4, '11000': 116, '00010': 2}",True,0.9999990078198744,0.0,9.921801257251062e-07,1.0429927831571872,1.0570713612597942
readout_mitigated,q3-q4,42,"Z-,Z-->IZ",0.9920924308375609,256.0,"{'00': 0.00799959311779521, '01': 0.9880466223009853, '10': 0.0, '11': 0.00395378458121954}","{'00000': 5, '01000': 241, '01001': 4, '01010': 4, '11000': 1, '01100': 1}",True,0.9999990000039292,4.78239538049637e-05,9.464791153903336e-05,1.0429927831571872,1.0570713612597942
readout_mitigated,q3-q4,43,"Z+,Z+->IZ",0.9999989998734082,256.0,"{'00': 0.9840629934235152, '01': 0.01593650651318886, '10': 2.521443652751068e-07, '11': 2.479189305578449e-07}","{'01000': 6, '00000': 243, '00100': 2, '00010': 4, '00001': 1}",True,0.9999990078117311,1.2813666163631426e-10,9.921882688779249e-07,1.0429927831571872,1.0570713612597942
readout_mitigated,q3-q4,44,"Z+,Z+->ZZ",0.97609460185155,256.0,"{'00': 0.9880470530319052, '01': 0.01195244692053853, '10': 2.5215368654109494e-07, '11': 2.47893869739228e-07}","{'01000': 4, '00000': 244, '00010': 3, '00100': 2, '01001': 1, '00001': 2}",True,0.9999990078437406,1.451951037140471e-10,9.92156259371768e-07,1.0429927831571872,1.0570713612597942
readout_mitigated,q3-q4,45,"Z-,Z-->ZI",-0.999937052210398,256.0,"{'00': 3.1473894801059096e-05, '01': 0.996014741480072, '10': 0.0, '11': 0.003953784625127036}","{'00000': 3, '01000': 243, '01100': 3, '11000': 1, '01010': 4, '01001': 2}",True,0.99999899993991,4.7823988452248755e-05,9.464791681447954e-05,1.0429927831571872,1.0570713612597942
readout_mitigated,q3-q4,46,"Z-,X+->ZI",-0.9896304470826869,256.0,"{'00': 0.0, '01': 0.4716969966593027, '10': 0.005184776458656554, '11': 0.5231182268820408}","{'00000': 1, '11010': 4, '01000': 119, '11001': 2, '10000': 3, '11000': 125, '11100': 1, '01100': 1}",True,0.9999990042075297,0.0016633497870146984,0.0033257037815591314,1.0429927831571872,1.0570713612597942
readout_mitigated,q3-q4,47,"Z-,Z+->ZI",-0.9714958515318424,256.0,"{'00': 0.0, '01': 0.0, '10': 0.014252074234078862, '11': 0.9857479257659212}","{'10000': 7, '11000': 247, '11010': 1, '11001': 1}",True,0.9999990079582523,0.0039215607846084,0.007842129527469018,1.0429927831571872,1.0570713612597942
readout_mitigated,q3-q4,48,"Z+,Y+->ZZ",-0.11722201362898418,256.0,"{'00': 0.43086745007980604, '01': 0.0005051742967428561, '10': 0.5581058325177493, '11': 0.010521543105701879}","{'01000': 1, '10001': 1, '00000': 108, '00001': 1, '11000': 6, '10000': 138, '00010': 1}",True,0.9999989944875656,0.0,1.0055124344821031e-06,1.0429927831571872,1.0570713612597942
readout_mitigated,q3-q4,49,"X+,Y+->IZ",0.0745097330024318,256.0,"{'00': 0.2794819485323927, '01': 0.2577729179688232, '10': 0.23825921360825494, '11': 0.22448591989052913}","{'11001': 1, '11010': 2, '00000': 70, '01000': 65, '10000': 59, '11000': 55, '00100': 1, '01100': 1, '10001': 1, '00001': 1}",True,0.9999990002117792,0.0,9.99788220767961e-07,1.0429927831571872,1.0570713612597942
readout_mitigated,q3-q4,50,"Y+,Y+->IZ",0.08235286227446156,256.0,"{'00': 0.30338783041290623, '01': 0.23778860072432453, '10': 0.22611192881232461, '11': 0.23271164005044462}","{'11001': 1, '01000': 61, '00000': 76, '00001': 2, '11000': 59, '10000': 56, '10010': 1}",True,0.9999990006682782,0.0,9.993317218182085e-07,1.0429927831571872,1.0570713612597942
readout_mitigated,q3-q4,51,"Y+,Z-->YY",0.07226372189774438,256.0,"{'00': 0.2602351858684494, '01': 0.21819621027635505, '10': 0.24567192877477279, '11': 0.2758966750804228}","{'10001': 1, '00000': 66, '01000': 53, '01001': 2, '00001': 1, '10000': 59, '11000': 71, '10010': 2, '01010': 1}",True,0.9999990003707537,0.0,9.996292462122192e-07,1.0429927831571872,1.0570713612597942
readout_mitigated,q3-q4,52,"X+,Z-->YX",0.04045602682571814,256.0,"{'00': 0.2717344668979079, '01': 0.24983414070419957, '10': 0.22993784588294136, '11': 0.24849354651495115}","{'10001': 3, '11001': 1, '00000': 67, '11010': 2, '01000': 64, '11000': 61, '10000': 55, '00010': 2, '00001': 1}",True,0.9999990004853201,0.0,9.995146799113286e-07,1.0429927831571872,1.0570713612597942
readout_mitigated,q3-q4,53,"Y+,Z-->XX",-0.008648315216423702,256.0,"{'00': 0.24813877337867388, '01': 0.23421418771133776, '10': 0.2701099698968741, '11': 0.24753706901311426}","{'01000': 58, '00000': 63, '01010': 2, '11000': 64, '10000': 66, '10100': 2, '00010': 1}",True,0.9999989996421716,0.0,1.0003578283512837e-06,1.0429927831571872,1.0570713612597942
readout_mitigated,q3-q4,54,"X+,X+->YX",-0.0916333664806557,256.0,"{'00': 0.45418306550764864, '01': 0.5458164323356869, '10': 2.509046409510031e-07, '11': 2.512520234862104e-07}","{'01000': 135, '00000': 115, '01010': 4, '00010': 1, '00100': 1}",True,0.9999990035544506,0.0,9.96445549350522e-07,1.0429927831571872,1.0570713612597942
readout_mitigated,q3-q4,55,"Y+,X+->XX",0.05179277851919279,256.0,"{'00': 0.5258961384586682, '01': 0.47410335966798045, '10': 2.5107242321143307e-07, '11': 2.508009282237498e-07}","{'01000': 117, '00000': 134, '01001': 2, '00100': 1, '01100': 2}",True,0.9999990041306238,0.0,9.958693762412985e-07,1.0429927831571872,1.0570713612597942
readout_mitigated,q3-q4,56,"Z-,Y+->IZ",-0.11372537992077619,256.0,"{'00': 0.0026180002694776274, '01': 0.4405193097701343, '10': 0.013534449150999679, '11': 0.5433282408093885}","{'10000': 5, '01010': 2, '11000': 134, '11010': 1, '00000': 2, '11001': 2, '01000': 109, '01100': 1}",True,0.9999990042821063,0.0,9.95717893859105e-07,1.0429927831571872,1.0570713612597942
readout_mitigated,q3-q4,57,"Y+,Z+->YY",-0.008453971125452348,256.0,"{'00': 0.25201403842608994, '01': 0.2421036166550531, '10': 0.26212336890767307, '11': 0.24375897601118388}","{'01001': 2, '00001': 1, '11000': 58, '10000': 65, '11010': 3, '01000': 60, '00000': 64, '10010': 1, '11100': 1, '11001': 1}",True,0.9999989997698424,0.0,1.0002301576439443e-06,1.0429927831571872,1.0570713612597942
readout_mitigated,q3-q4,58,"X+,X+->YI",-0.02892415988545749,256.0,"{'00': 0.268034301928208, '01': 0.23392648204857625, '10': 0.2175036181290633, '11': 0.2805355978941525}","{'11001': 1, '11010': 1, '00000': 68, '01000': 59, '00001': 1, '10000': 53, '11000': 70, '01100': 1, '10010': 1, '10001': 1}",True,0.9999990009250934,0.0,9.990749065269533e-07,1.0429927831571872,1.0570713612597942
readout_mitigated,q3-q4,59,"Y+,X+->XI",-0.011183190456667769,256.0,"{'00': 0.22028122253305463, '01': 0.25815017380501387, '10': 0.2741271822386115, '11': 0.24744142142332}","{'01000': 64, '00000': 56, '00001': 1, '01010': 1, '10000': 67, '11000': 64, '10010': 1, '10100': 1, '01100': 1}",True,0.9999989993529953,0.0,1.0006470048118388e-06,1.0429927831571872,1.0570713612597942
readout_mitigated,q3-q4,60,"Z-,Y+->ZZ",-0.022539411870659276,256.0,"{'00': 0.013072865422631152, '01': 0.5112697059353296, '10': 0.0, '11': 0.4756574286420392}","{'01001': 1, '10000': 1, '01010': 4, '11000': 118, '00000': 4, '01000': 125, '11100': 1, '00010': 1, '11010': 1}",True,0.9999990040511024,0.0017216445735576324,0.0034422931982177997,1.0429927831571872,1.0570713612597942
readout_mitigated,q3-q4,61,"Z+,X+->IY",0.16164832838868748,256.0,"{'00': 0.5808241641943438, '01': 0.0, '10': 0.4174308287326424, '11': 0.001745007073013891}","{'00001': 1, '11000': 3, '10000': 100, '10001': 3, '01000': 1, '00000': 143, '00100': 2, '10010': 1, '00010': 2}",True,0.9999989978790774,0.0006483745536889286,0.0012957469864551569,1.0429927831571872,1.0570713612597942
readout_mitigated,q3-q4,62,"Z+,X+->ZY",-0.051804282836925675,256.0,"{'00': 0.47409785858153713, '01': 0.003983013283009898, '10': 0.5219191281354529, '11': 0.0}","{'11000': 3, '00001': 1, '10000': 124, '10001': 3, '01000': 2, '00000': 120, '10010': 3}",True,0.9999989953219819,0.0005260439744201317,0.0010510832708221325,1.0429927831571872,1.0570713612597942
readout_mitigated,q3-q4,63,"Z+,Y+->IX",-0.04402926745005897,256.0,"{'00': 0.47798536627497057, '01': 0.0, '10': 0.5220146337250295, '11': 0.0}","{'11000': 1, '10000': 128, '10001': 1, '01000': 1, '00000': 123, '10100': 1, '10010': 1}",True,0.9999989952517783,0.00856046882193295,0.017119932895643983,1.0429927831571872,1.0570713612597942
readout_mitigated,q3-q4,64,"Z+,Y+->ZX",0.006474132269044586,256.0,"{'00': 0.5032370661345223, '01': 0.005291725826312374, '10': 0.4914712080391654, '11': 0.0}","{'11000': 1, '00001': 3, '10000': 119, '01000': 3, '10001': 2, '00000': 125, '10010': 2, '00010': 1}",True,0.9999989959647082,0.007795286672303899,0.015589569309316013,1.0429927831571872,1.0570713612597942
readout_mitigated,q3-q4,65,"X+,Z+->YX",-0.14585543717550672,256.0,"{'00': 0.22396366795093875, '01': 0.27015398752097025, '10': 0.3027737310667832, '11': 0.20310861346130796}","{'11001': 1, '11010': 3, '01000': 68, '00000': 55, '00001': 2, '11000': 49, '10000': 76, '01100': 1, '00100': 1}",True,0.9999989985491144,0.0,1.0014508857181248e-06,1.0429927831571872,1.0570713612597942
readout_mitigated,q3-q4,66,"Y+,Z+->XX",-0.08120354518984568,256.0,"{'00': 0.22424756258962872, '01': 0.25026226927269646, '10': 0.2903395033222263, '11': 0.23515066481544838}","{'01010': 1, '11000': 61, '10000': 71, '00000': 53, '01000': 60, '00010': 4, '01100': 2, '10010': 1, '00100': 1, '01001': 1, '10001': 1}",True,0.9999989990208977,0.0,1.0009791022724812e-06,1.0429927831571872,1.0570713612597942
readout_mitigated,q3-q4,67,"Z-,X+->ZY",0.05133929162444739,256.0,"{'00': 0.002475290835045739, '01': 0.4485051487385694, '10': 0.025825205449206953, '11': 0.523194354977178}","{'00000': 2, '11010': 4, '01000': 112, '01001': 1, '10000': 8, '01010': 1, '11000': 127, '11100': 1}",True,0.9999990039139941,0.0,9.960860059554655e-07,1.0429927831571872,1.0570713612597942
readout_mitigated,q3-q4,68,"Z-,X+->IY",0.09362727608540461,256.0,"{'00': 0.0, '01': 0.5468136380427023, '10': 0.009855009080658285, '11': 0.44333135287663944}","{'01010': 1, '10000': 4, '01001': 1, '11000': 109, '11001': 1, '00000': 1, '01000': 137, '11100': 2}",True,0.999999003451281,0.0025737182580208204,0.005146439967322513,1.0429927831571872,1.0570713612597942
readout_mitigated,q3-q4,69,"Z-,Y+->ZX",-0.17306367111418752,256.0,"{'00': 0.0010340966095271483, '01': 0.5754364129032351, '10': 0.011095422653858648, '11': 0.4124340678333791}","{'01010': 3, '10000': 4, '11000': 103, '11010': 1, '00000': 2, '01000': 143}",True,0.9999990032068347,0.0,9.967931654530915e-07,1.0429927831571872,1.0570713612597942
readout_mitigated,q3-q4,70,"Z-,Y+->IX",-0.09905900615860946,256.0,"{'00': 0.012294217002977946, '01': 0.4381762799177173, '10': 0.0, '11': 0.5495295030793047}","{'01010': 3, '11000': 132, '00000': 5, '11001': 2, '11010': 3, '01000': 105, '01100': 2, '11100': 2, '01001': 2}",True,0.9999990047727944,0.006647509293667783,0.01329402336012998,1.0429927831571872,1.0570713612597942
readout_mitigated,q3-q4,71,"X+,X+->ZI",0.003980245101369573,256.0,"{'00': 0.2521096861257691, '01': 0.23808640411323082, '10': 0.2498804364249157, '11': 0.2599234733360844}","{'10000': 63, '11000': 67, '01000': 61, '00000': 65}",True,0.9999990001033976,0.0,9.998966024049594e-07,1.0429927831571872,1.0570713612597942
readout_mitigated,q3-q4,72,"Y+,X+->ZI",-0.08367973561803677,256.0,"{'00': 0.20861446257674843, '01': 0.25413067464609473, '10': 0.2495456696142332, '11': 0.28770919316292365}","{'01001': 2, '00001': 2, '11000': 72, '10000': 61, '11010': 1, '01000': 61, '00000': 49, '00010': 2, '11001': 1, '10010': 2, '01100': 1, '00100': 1, '01010': 1}",True,0.9999989999931906,0.0,1.0000068093596326e-06,1.0429927831571872,1.0570713612597942
readout_mitigated,q3-q4,73,"X+,Z-->ZI",0.08773008037783453,256.0,"{'00': 0.0, '01': 0.4561349598110827, '10': 0.5438650401889172, '11': 0.0}","{'01010': 1, '01001': 1, '11000': 2, '10000': 131, '00000': 2, '10001': 1, '01000': 114, '10010': 4}",True,0.9999989910876249,0.00506931714939954,0.010137625386423951,1.0429927831571872,1.0570713612597942
readout_mitigated,q3-q4,74,"X+,Y+->ZI",0.14113020627066739,256.0,"{'00': 0.2676000767042176, '01': 0.2422038377082677, '10': 0.3029650264311161, '11': 0.18723105915639862}","{'01001': 2, '11000': 47, '10000': 75, '11010': 2, '00000': 67, '01000': 60, '10010': 1, '00010': 2}",True,0.9999989987629924,0.0,1.0012370076917243e-06,1.0429927831571872,1.0570713612597942
readout_mitigated,q3-q4,75,"Y+,Z-->ZI",-0.06846789836128807,256.0,"{'00': 0.0, '01': 0.5335080370676069, '10': 0.465766050819356, '11': 0.0007259121130372289}","{'00000': 2, '01000': 126, '11000': 3, '01010': 6, '01001': 2, '10000': 114, '01100': 1, '10100': 1, '10010': 1}",True,0.9999989924243631,0.0002623522260219776,0.0005236968764069793,1.0429927831571872,1.0570713612597942
readout_mitigated,q3-q4,76,"Y+,Y+->ZI",-0.06849953428466246,256.0,"{'00': 0.23992524708718302, '01': 0.2777217956470531, '10': 0.22582498577048576, '11': 0.2565279714952781}","{'11010': 3, '01000': 69, '00000': 60, '11000': 61, '10000': 57, '11100': 2, '00010': 2, '01100': 1, '01001': 1}",True,0.999999000363466,0.0,9.996365339937086e-07,1.0429927831571872,1.0570713612597942
readout_mitigated,q3-q4,77,"X+,Z+->ZI",-0.02783124874266335,256.0,"{'00': 0.4860843756286683, '01': 0.0, '10': 0.0, '11': 0.5139156243713316}","{'11000': 124, '11001': 4, '01000': 2, '00000': 124, '11100': 2}",True,0.9999990082709271,0.006217092970858921,0.012433194212645117,1.0429927831571872,1.0570713612597942
readout_mitigated,q3-q4,78,"Y+,Z+->ZI",-0.07564376536046974,256.0,"{'00': 0.460504009055982, '01': 0.0100842554864234, '10': 0.0016741082637830975, '11': 0.5277376271938115}","{'00001': 3, '11000': 131, '11001': 1, '11010': 1, '01000': 4, '00000': 111, '00010': 2, '00011': 1, '10000': 2}",True,0.9999990080203127,0.0,9.919796872814857e-07,1.0429927831571872,1.0570713612597942
readout_mitigated,q3-q4,79,"Z+,X+->IZ",0.1450979042309076,256.0,"{'00': 0.5651818952497999, '01': 0.007367056865653901, '10': 0.42161625862804636, '11': 0.0058347892564998075}","{'11000': 4, '00001': 3, '10000': 103, '10001': 2, '01000': 3, '00000': 141}",True,0.9999989977204867,0.0,1.0022795131625628e-06,1.0429927831571872,1.0570713612597942
